id,Domain,Status,Attractiveness,Demand,Length,Registrar,Created,Expires
14be7a0e-329e-4b74-9bc1-6b6f7ba8c9b6,abactinal.bayern,available,50,1,9,,,
4962d7e9-9853-4f40-8ee1-51043fcc81b2,abaft.bayern,available,43,2,5,,,
865b3101-508e-49b2-afea-905a95b73526,abandoned.bayern,available,58,10,9,,,
89b679c4-aa81-46c8-8ee7-c6b3d9c29ac9,abashed.bayern,available,60,2,7,,,
69a61e80-9d77-4f07-9f16-80c5f50b498f,abasic.bayern,available,54,2,6,,,
85fb751a-1231-440e-b188-8fad5cd1e48a,abatable.bayern,available,54,1,8,,,
49eaba51-4f36-4e39-84b4-79e432fd73e9,abatic.bayern,available,54,2,6,,,
db402a7f-9532-4c5c-bda4-843889e0bd31,abaxial.bayern,available,54,2,7,,,
c85dc149-5279-4771-95a1-f0335ab9e631,abbatial.bayern,available,50,1,8,,,
5fe5f726-953e-4694-8109-5648349003e5,abdicable.bayern,available,50,1,9,,,
ecc9dc48-c2a4-4a44-877f-da4e30a18b9a,abdominal.bayern,available,82,2,9,,,
5f0fb3f6-91f6-420e-af4e-00e8399e0f5c,abdominous.bayern,available,56,1,10,,,
220f43c1-49be-4529-b721-2b8b37bd5a58,abducens.bayern,available,54,1,8,,,
fe998025-6d6a-4fe4-bd02-18dc9a6bf6c5,abducent.bayern,available,68,1,8,,,
a887369e-74b9-4ccc-a510-8b4d9c8ce81e,abducting.bayern,available,50,1,9,,,
469c318f-8efc-4bb0-9c11-f57e2d564b8a,abenaki.bayern,premium,82,3,7,,,
90cac77f-c7df-40dd-8681-c2f78f33310c,aberdonian.bayern,available,68,1,10,,,
dd4cd60b-05aa-4426-a969-6c2965689be4,aberrant.bayern,available,74,7,8,,,
4d5e7927-85ce-4f56-a814-f1bdb08ab71b,abeyant.bayern,available,56,2,7,,,
e8c457bd-ff85-4471-b3dd-57416529da33,abhorrent.bayern,available,54,1,9,,,
d7d93d8c-cc5f-4461-8df1-34624f958023,abiding.bayern,available,106,5,7,,,
14981d0a-a9c0-4335-8ed7-48d412a6ffe4,abient.bayern,available,54,1,6,,,
1faa2c14-74f8-4ab4-9e47-01f5c40ba667,abject.bayern,available,94,8,6,,,
cbefa655-e49e-4e98-97c3-201d0f3ae758,abkhas.bayern,available,68,1,6,,,
8afa4ab9-55e6-414e-b4ed-74b049c0e89b,abkhasian.bayern,available,78,1,9,,,
8d26d444-a3fe-4f94-b17a-245a12f74877,abkhaz.bayern,available,82,2,6,,,
c72ea9cb-c4aa-407a-a1cc-a329291b2901,abkhazian.bayern,available,78,1,9,,,
59415018-bc39-4946-9a39-44f9b87881c6,ablated.bayern,available,52,2,7,,,
474afce1-fd60-4092-9ef8-64675f1fed4c,ablative.bayern,available,68,3,8,,,
6f1322ab-3a65-480a-a6a1-5ca9e452ad33,ablaze.bayern,available,72,6,6,,,
9909642e-687b-4219-a1ee-efba75140acd,able.bayern,premium,80,29,4,,,
202cf4f7-8651-41f8-a8d2-183c7853d917,abloom.bayern,available,72,5,6,,,
b9a96078-02ec-4d0d-b816-2b2372704466,abnaki.bayern,available,68,2,6,,,
5d77cf5e-20d5-4c0b-af07-7117e560758b,abnormal.bayern,available,74,16,8,,,
02a3d6c8-b505-428a-b0b2-8471793afab6,abo.bayern,available,62,15,3,,,
e2753ab1-8c9f-4791-aa0f-72d1b9f93a1b,abomasal.bayern,available,50,1,8,,,
dbbfa46f-ec9d-4335-8a9d-ee7cfbb983c1,abominable.bayern,available,52,3,10,,,
f26f4607-48d5-4856-b601-36d62dc81013,aboral.bayern,available,54,2,6,,,
7accc2a2-00e2-438f-b9c5-551a6a4bb20d,aboriginal.bayern,premium,86,8,10,,,
0e5e3280-26aa-4f70-b6e0-8140446855e4,aborigine.bayern,available,62,2,9,,,
2984d5d4-590c-4dcc-9210-94cf6f619658,aborticide.bayern,available,50,1,10,,,
a95724a8-5400-4ee9-98d2-fb4f9f08345e,abortive.bayern,available,90,1,8,,,
c00fdbed-37a5-4667-a1fe-f211fccae6b4,aboulic.bayern,available,52,2,7,,,
ffc39d78-d394-46ad-b6a5-6e7799499156,abounding.bayern,available,78,2,9,,,
ac9fc044-3298-4311-8a86-90851e56b6d7,about.bayern,available,94,28,5,,,
f7b48d23-d695-4c32-985f-35e5bb0b9143,above.bayern,premium,112,22,5,,,
53eb2c2d-02b8-40cc-a3bd-85d9b8c974bf,aboveboard.bayern,available,60,5,10,,,
648743f6-1210-452b-8a9f-7fc470a519df,abradant.bayern,available,70,1,8,,,
f8b7d7f7-d937-4a38-addc-4b2a4f171993,abranchial.bayern,available,50,1,10,,,
00ba4640-fa6c-47be-b3d0-62ca5dd489f3,abrasive.bayern,available,76,6,8,,,
10fc697a-c71e-4c7b-a5d9-29c5c3f5de88,abreast.bayern,available,72,3,7,,,
bac5bef5-7e04-4af8-af9d-116aa21f55d3,abridged.bayern,available,58,5,8,,,
daed66ca-6c61-40bb-9622-7d8e49ac436d,abroach.bayern,premium,82,1,7,,,
9934bc96-fd87-40e4-8800-3ce346ff38dd,abroad.bayern,premium,92,12,6,,,
56ad8809-e9e3-496e-ac8a-3ca7d01e7d18,abrupt.bayern,premium,100,4,6,,,
419166ba-b444-41df-8655-5de3da4cbc0e,abscessed.bayern,available,41,1,9,,,
73c8ca8a-e843-4740-a99e-62e8df1bb5ca,absent.bayern,premium,102,8,6,,,
bcd61a72-74f9-4734-95ee-713c140bfa87,absolute.bayern,premium,80,25,8,,,
f10b0197-329b-426e-838e-50a57a6f0f3a,absolutist.bayern,available,72,2,10,,,
a912f572-9be7-472f-b0e7-2c499c846a19,absolved.bayern,available,64,2,8,,,
86c54d32-63d1-41d0-9184-68f68ccfbd01,absorbable.bayern,premium,80,1,10,,,
5616f446-5513-4802-88f8-dc234d47491a,absorbed.bayern,available,72,2,8,,,
3b4e2fd5-58ac-462c-ae26-1ad45cfebf72,absorbent.bayern,premium,82,3,9,,,
fa024b03-70a3-4117-b0d9-32b6d4fd4e88,absorbing.bayern,available,70,3,9,,,
c21225b9-fe4c-442a-ab06-41906c3408b2,absorptive.bayern,available,78,1,10,,,
365d3400-4a34-4857-b179-d87c61eda7b8,abstainer.bayern,available,60,1,9,,,
04fb04e5-63fc-45c7-a377-892239e3097c,abstemious.bayern,available,60,1,10,,,
8810cc59-011c-4d59-8f55-e56ffd527de3,abstinent.bayern,available,66,1,9,,,
f24f7b4a-fdc9-42b1-a1d2-2bdf10972e48,abstract.bayern,available,108,28,8,,,
bebe1038-d9ba-4895-ba53-1ca4bdbb0518,abstracted.bayern,available,48,6,10,,,
8335b4ef-041f-4e21-b201-e653a0936737,abstruse.bayern,available,52,3,8,,,
cea44e7b-14ce-4df8-879a-e06a6cfe7745,absurd.bayern,available,80,17,6,,,
9fb5adc1-cfb5-4fed-9b68-a25f02292d6e,abulic.bayern,available,70,2,6,,,
c0f440a4-c9fa-4de0-9a4e-bd2ccd875713,abundant.bayern,premium,80,19,8,,,
4efdba81-41ae-4d3f-8ece-6a68dbbcdb80,abused.bayern,available,58,5,6,,,
00b6650c-36e2-45f0-9862-9738b7e8f2b9,abusive.bayern,available,52,3,7,,,
2fb3734d-9c36-4c77-855a-9ae70fb90953,abuzz.bayern,available,58,5,5,,,
5c168fe0-5360-4caf-8bd7-3a1222432ffd,abysmal.bayern,available,52,4,7,,,
f9913f5a-fbe7-4ee6-b074-196e9a432e06,abyssal.bayern,available,48,13,7,,,
7aacf8c6-0c89-4402-820c-b76aabd1ade1,academic.bayern,available,96,20,8,,,
cd2dcee5-5667-4229-a13e-e0a8b770ee33,acanthoid.bayern,available,46,1,9,,,
04d93e2b-9346-4909-aca3-c5bae5e3485f,acanthotic.bayern,available,46,1,10,,,
18c804fd-414d-453c-b371-66f830661fe1,acanthous.bayern,available,46,1,9,,,
68e554e6-0939-4935-9fc5-a60802e37372,acapnial.bayern,available,46,1,8,,,
9298769d-3d3d-4ebc-abe5-1168e3605205,acapnic.bayern,available,50,1,7,,,
60a1bdad-5dc8-43eb-ad65-c3cafc79f4fa,acapnotic.bayern,available,50,1,9,,,
961ae0ce-8775-4ae3-9f9c-e847e155f4d0,acappella.bayern,available,66,6,10,,,
5a074ffe-e1c3-44d3-9e13-4c2c98cec371,acarpelous.bayern,available,46,1,10,,,
cb5eee8d-780a-4027-9dbf-3a178c288a84,acarpous.bayern,available,46,1,8,,,
b766fc10-10c7-4b7c-a643-cc963c3a8b26,acaudal.bayern,available,50,1,7,,,
1e84b689-907e-4732-af28-dcf2d7753210,acaudate.bayern,available,46,1,8,,,
4925f9f9-7b63-4c2c-8368-f340c6676872,accented.bayern,available,58,2,8,,,
b7200cb6-ca0e-486d-aef4-bf86bf743dcb,accentual.bayern,available,54,2,9,,,
d6f15597-7106-4b06-991b-f0cf502ac89d,acceptable.bayern,available,78,5,10,,,
685a31c6-612c-4fb6-b78d-fc4d71d8fdfe,acceptant.bayern,available,78,1,9,,,
8b133f4f-67f6-474c-a720-872ba3aa7598,accepted.bayern,available,78,6,8,,,
7dd3af4f-54a1-4663-b7f4-a3f556ee72ad,accepting.bayern,available,74,3,9,,,
567f7669-199b-409c-98b6-8c3d3eb36ffa,acceptive.bayern,available,60,1,9,,,
23faa0da-c0a0-4f88-beae-e618ea2527a8,accessary.bayern,available,66,1,9,,,
eceea6bf-fcc1-4bce-a8d8-7e0371f217e2,accessible.bayern,available,78,21,10,,,
ffcb6ba6-b0b2-4360-a027-77780414bea1,accessory.bayern,available,84,9,9,,,
1a783903-d968-4fbf-a511-8ba88a3e0a36,accidental.bayern,available,78,11,10,,,
a659d3d3-3a61-49a3-9a3e-0bebc7cc50d7,accordant.bayern,available,64,3,9,,,
dba66e0b-bd77-461a-8ceb-6ad88db88a16,according.bayern,available,66,4,9,,,
524d60dd-8952-487f-becb-de9837343c4e,accoutered.bayern,available,56,1,10,,,
de0605b7-59c3-41e9-96d7-daa9f89ad3e2,accoutred.bayern,available,58,1,9,,,
b16e741b-cfeb-49d4-81e1-1747524ba181,accredited.bayern,available,68,9,10,,,
c89f2e18-91bb-4d19-bf9c-bf82d398ca5b,accretive.bayern,available,58,6,9,,,
f49da98c-d228-4c47-b7fd-8d029ea2372f,accrued.bayern,available,62,3,7,,,
f4b77a1f-ff56-4b67-a190-a1a7e681914b,accumbent.bayern,available,70,1,9,,,
5b1703bd-4f02-40b3-b2ab-7c1bec231948,accurate.bayern,available,78,16,8,,,
a5ecbba2-a249-4c40-8d94-a9b9c26e5f1c,accursed.bayern,available,54,3,8,,,
f7e47a1a-ba1f-4196-aeed-500d77c89af1,accurst.bayern,available,40,1,7,,,
61728ad9-6a69-4142-993f-049db83baa27,accusative.bayern,available,72,1,10,,,
71d95092-6eba-4cf9-9322-9003a8d3b83f,accusatory.bayern,available,44,1,10,,,
7e763419-6fb5-4591-b47e-513c28ccab64,accusing.bayern,available,62,1,8,,,
f1a744ec-517d-4ddc-ab1e-82b0aff777fb,accusive.bayern,available,40,1,8,,,
5f15740b-ebf6-4700-83b8-80b36b3ec0f9,accustomed.bayern,available,72,1,10,,,
113c7e8e-6682-4b7b-bfd7-8df4919a484d,ace.bayern,premium,88,34,3,,,
b9db59e8-7aaf-4e9f-a3da-b577a2df1677,acellular.bayern,available,50,1,9,,,
a0c028f9-466c-453d-85c4-e3d927deff67,acentric.bayern,available,64,2,8,,,
af758e5a-fae5-407b-b987-126b023d02c3,acephalous.bayern,available,46,1,10,,,
d6f775f4-5c12-4e2a-aa81-ebcb3648dafa,acerate.bayern,available,68,2,7,,,
7609946a-e1d4-4c5e-9ac6-1e74f753e734,acerb.bayern,available,50,2,5,,,
64799d34-9009-45d7-91e8-ab498270b8fb,acerbic.bayern,available,50,3,7,,,
deb9d301-7314-421f-b94f-4de39211b6a4,acerose.bayern,available,50,2,7,,,
a2b15a55-b75e-48e9-a2c4-8a8080feac77,acervate.bayern,available,66,1,8,,,
5bcc5ea0-2350-47b3-ae0b-a504e2fe534f,acetabular.bayern,available,46,1,10,,,
b6c7acb8-1745-4126-aca2-e14c96b18a1b,acetic.bayern,available,58,1,6,,,
41d305e0-9d75-45ec-b7fb-fc596aec59fa,acetonic.bayern,available,46,1,8,,,
0ae99393-c25c-4332-97cd-927ff588108e,acetose.bayern,available,50,1,7,,,
e2e49e9b-ae20-4779-8980-be271eabb3a2,acetous.bayern,available,50,1,7,,,
17d2ad9e-ea7e-49c2-b160-a77b47725d2f,acetylenic.bayern,available,46,1,10,,,
510e239f-e8e9-4526-b2f5-37d9f2a331ac,acetylic.bayern,available,46,1,8,,,
e77ad877-14ae-4a36-803c-de8ab8e9c47b,achaean.bayern,available,68,2,7,,,
457ba0bb-508c-4819-9b45-2585ffb59c4d,achaian.bayern,available,68,2,7,,,
0398a8a8-1206-4021-bd26-15e3255e05c3,ache.bayern,available,58,8,4,,,
3ba3f58e-5937-4d14-8bd7-e5e5e8c7cf88,achenial.bayern,available,46,1,8,,,
11ebc5d7-0c77-4c6b-b6b8-79d05e118e7c,acheronian.bayern,available,46,1,10,,,
379b2270-0952-4839-bd02-8a83b0224f11,acherontic.bayern,available,44,2,10,,,
0ee4ac53-19b2-4e9b-8fa9-6c9e92382213,achievable.bayern,available,74,5,10,,,
3612c547-6a16-4787-890c-e5c0cf194711,aching.bayern,available,72,4,6,,,
12e892f4-969e-4873-afe4-0d8d9c498c2d,achromatic.bayern,available,54,5,10,,,
49b9fa6d-915e-4189-b30b-0866ac26dca0,achromic.bayern,available,46,2,8,,,
8ce3f041-62eb-4bc3-940c-141464560f3f,achromous.bayern,available,46,1,9,,,
94fbc3f0-5b74-4ad2-9753-1e23fa18ad3e,achy.bayern,available,54,3,4,,,
0978f027-e78f-42ed-a2c9-3cccca3f72b9,acicular.bayern,available,46,2,8,,,
8ccef399-2323-4c31-ad3b-283c8eb4b393,aciculate.bayern,available,46,1,9,,,
252b367c-5dd8-407a-95a0-5e78c35f68d4,acid.bayern,available,88,22,4,,,
e0a2d751-6eb2-44e1-a29d-9dfd37b86e31,acidfast.bayern,available,46,1,9,,,
b017831e-defa-4f64-968c-a702d7d4a59a,acidic.bayern,available,62,5,6,,,
054767a7-5205-4af8-8985-afe310df9e83,acidotic.bayern,available,46,1,8,,,
db35d667-b540-4be1-aea7-73dca26fcb9e,acidulent.bayern,available,46,1,9,,,
8d34a867-51bd-4ee7-a4a8-09aeda69af7c,acidulous.bayern,available,44,1,9,,,
32e5fdca-aadb-4f0c-b963-6a4029c13bdc,aciduric.bayern,available,46,1,8,,,
15daca09-ecd9-4555-855d-d729df219fd8,acinar.bayern,available,50,2,6,,,
00c487f1-b7db-42f7-bac4-4543dbebdd30,acinic.bayern,available,50,1,6,,,
c3144d89-5d2d-4534-be8b-aa2ade945b29,acinose.bayern,available,50,1,7,,,
3bb034f3-3e64-46ba-b621-2419b8e74ad3,acinous.bayern,available,50,1,7,,,
18c42d00-4e66-44ed-8894-dfbaefa5c9ac,ackack.bayern,available,58,3,7,,,
b92af1b3-17e1-4c3f-8a6b-0a7909f6c88d,acned.bayern,available,43,1,5,,,
a200269c-a4e1-4846-ab15-e57ca64f9728,acneiform.bayern,available,39,1,9,,,
dbf46b37-723c-44fa-9dce-ffc35170d570,acold.bayern,available,51,2,5,,,
e125d6cc-ec2d-4c23-8e3f-753c0be612a3,acoustic.bayern,available,76,14,8,,,
a24dbd94-6c84-4815-aac7-5e1467bc9003,acoustical.bayern,available,54,5,10,,,
3dbdc712-d29c-48a6-89f0-1c91d21b63e5,acquirable.bayern,available,47,2,10,,,
791812ad-0435-4fba-ac94-03a6edf6e998,acquired.bayern,available,47,8,8,,,
682d233c-86a6-4f95-8bc2-354bdf8ad22b,acquitted.bayern,available,50,1,9,,,
a592a4a1-3aa9-4e1b-ab36-44ce2add39a2,acrid.bayern,available,47,2,5,,,
7dc59080-a5e2-4886-8768-bf2b4825ebdc,acritical.bayern,available,46,1,9,,,
ee800055-4e1c-442b-aaa8-a0a0d674521d,acrobatic.bayern,available,66,4,9,,,
bc6f1cce-d16f-4834-befb-fc838fd9c493,acrogenic.bayern,available,46,1,9,,,
391e2ff3-d630-42ea-8fed-43618ed7ac76,acrogenous.bayern,available,46,1,10,,,
8355778c-795a-4020-8a62-b5404ac33419,acronymic.bayern,available,46,1,9,,,
4482eb22-3108-4b0a-b75a-337c945f1ab2,acronymous.bayern,available,46,2,10,,,
97c6fafa-f818-4d4b-aa6a-2af90eeec6a5,acropetal.bayern,available,46,1,9,,,
a505d6fe-ac4e-495f-94f4-ffbf49eddc30,acrophobic.bayern,available,64,1,10,,,
aa75a725-96fb-4fe6-add2-a742a023f2bb,acroscopic.bayern,available,46,1,10,,,
a4ca09e2-69f5-4207-8358-911d44a29003,actable.bayern,available,50,3,7,,,
4db6caf8-5bdc-426e-a749-982a14c1d296,actinal.bayern,available,50,1,7,,,
0f869102-7e95-482a-9c2d-f0994513f2eb,acting.bayern,premium,84,12,6,,,
67f31db5-1145-4d95-a6db-21b90b5d804f,actinic.bayern,available,50,2,7,,,
36278c8a-1d5c-4075-ab5a-7496907bc0bb,actinide.bayern,available,46,2,8,,,
9cd95244-ba8e-4113-ac19-8f7fd5cd5f4b,actinoid.bayern,available,64,2,8,,,
a6098ec1-9fcf-4f18-8a0f-b8bff90aae17,actinon.bayern,available,54,2,7,,,
fc393d40-3fea-4b2e-9c2b-088151080ed1,actionable.bayern,available,88,13,10,,,
b09cdd39-b229-4f9a-a34c-e77f503d9b4e,activated.bayern,available,74,9,9,,,
01dfd299-6645-4416-9342-748a7cd59119,activating.bayern,available,68,3,10,,,
c9115394-cb52-4531-97c5-e3c7cd868de5,activation.bayern,available,62,16,10,,,
54a06b70-7bf5-4ae0-94ca-9d0d0715e6ee,active.bayern,available,104,26,6,,,
2d04986f-1ea2-42db-a56a-575e26e555d3,activist.bayern,premium,88,13,8,,,
97830983-ccbf-4ea7-9428-f8d713ea1ee8,activistic.bayern,available,62,1,10,,,
57b6c5a3-558d-4ebf-8c8f-28a8773958df,actual.bayern,available,96,21,6,,,
1b369373-f877-4c16-89e2-0824f20f4456,actuarial.bayern,available,58,8,9,,,
b1538124-a550-4e43-bf42-3cc2f4167be3,actuated.bayern,available,54,3,8,,,
ffd4d02f-f17c-4845-b6d0-4132ecf2c8ec,acuate.bayern,available,74,2,6,,,
d3439077-7dc9-415f-80b9-7f920dc4decb,aculeate.bayern,available,68,1,8,,,
d1849ca7-5aa1-427b-a49a-9b4461bbccd6,aculeated.bayern,available,50,1,9,,,
7c9a97f2-c7ad-4a4e-9b24-524b3a99eaea,acuminate.bayern,available,70,1,9,,,
d55a7270-7c77-4d04-84a9-5846339e05ed,acute.bayern,available,112,9,5,,,
fac798a1-45b6-4e93-b6bd-9fb3506e12b4,acyclic.bayern,available,58,4,7,,,
d53aa56b-6f10-4f8f-929a-5e27f78efaa5,adactylous.bayern,available,50,1,10,,,
61935abe-92bc-4230-834d-4cd1c7bb1d3d,adagio.bayern,available,64,14,6,,,
d81e3236-1b99-4987-bd1a-1ce230b81290,adamant.bayern,available,74,14,7,,,
9ce2799e-00fb-4bd5-a64c-999668b08cc4,adamantine.bayern,available,70,5,10,,,
6ce274e7-b8fb-4552-9aa4-d41905816953,adaptable.bayern,available,76,9,9,,,
9ad7812f-8edc-42a5-a651-306485e4d18c,adaptative.bayern,available,72,3,10,,,
74f5bda4-b61c-46d1-a64f-69c72984e242,adapted.bayern,available,74,7,7,,,
4e4503cf-7b5c-42a1-a352-a4b6df29cb06,adaptive.bayern,available,76,28,8,,,
cc6bce0a-6e9e-4b7f-89f6-21204a8ac1a2,adaxial.bayern,available,54,3,7,,,
16459e47-556e-4aae-82dc-61e809f0a835,addable.bayern,available,76,3,7,,,
104cbc72-4d12-46f6-94e9-87a1f5f81f33,addible.bayern,available,58,3,7,,,
30a2e6ba-5fc2-42bd-afdc-aefbb6a0fc24,addicted.bayern,available,72,10,8,,,
18a6dd1f-6458-4333-b0f3-ddf710025992,addictive.bayern,available,90,10,9,,,
920b1435-18fc-4179-8a16-5f1ec245007d,additional.bayern,available,90,9,10,,,
a2baf077-839e-4f56-95d4-71727a2acc2c,additive.bayern,available,68,13,8,,,
9cd9473d-d40f-41e0-aa69-ef9e6294f0b7,addled.bayern,available,56,3,6,,,
5bc8e9fa-0a4b-419f-af14-5325d537692d,addlepated.bayern,available,46,1,10,,,
62e53241-8b66-4be8-ad1e-da09e7d1f12c,addressed.bayern,available,58,3,9,,,
f1e0ed97-a2b9-4b0b-93f4-91d6451c6062,adducent.bayern,available,54,2,8,,,
31316e10-7d22-4f73-84c9-976e82226c5b,adducting.bayern,available,54,2,9,,,
bfb98f5b-12c4-423b-b6a5-cf3ef5fa028c,adductive.bayern,available,54,1,9,,,
af96bb19-4e9b-4bdc-8c2a-1043afbe22ca,adenoid.bayern,available,74,2,7,,,
1fd26206-b9e3-4c28-858a-7d650f0bab5f,adenoidal.bayern,available,52,2,9,,,
bf1da8b4-2ad6-41f2-aa2a-7636046e62d9,adept.bayern,available,92,24,5,,,
4725455d-f2b9-4a0a-b414-11919e063d9e,adequate.bayern,available,94,10,8,,,
c4b0f806-1e82-4f70-9ac6-5e49014c5218,adherent.bayern,available,76,5,8,,,
371b1152-81eb-4794-b5c9-d130ab072917,adhesive.bayern,available,76,8,8,,,
83b3c0a8-53ed-4ab6-864b-6bebbf63ceee,adhoc.bayern,available,58,24,6,,,
5fa8c792-80d7-4b62-bbca-0343a600338b,adhominem.bayern,available,50,3,10,,,
bfb93545-afad-4fcb-8d57-1cebf7244a68,adient.bayern,available,58,5,6,,,
db3a4b52-62c6-4df3-8c70-d13a13e67800,adipose.bayern,available,76,2,7,,,
248e8853-49c9-411c-958b-c6123c4cad9d,adjacent.bayern,available,78,9,8,,,
a6c19ccf-b275-4059-8182-af07b0150424,adjectival.bayern,available,72,2,10,,,
23002b38-8361-4f5f-aa22-3030e1deb04d,adjective.bayern,available,92,6,9,,,
392b6a55-7adc-4a8e-ac03-5304e59a2bad,adjunct.bayern,available,100,5,7,,,
3f77aa29-b48d-4e0e-adbe-0bf1ec29d2e0,adjunctive.bayern,available,72,2,10,,,
ac2a54e0-2a0d-4bbf-b68d-5b1eb7fe713d,adjuratory.bayern,available,54,1,10,,,
cfbd2efb-5410-44a7-888c-4a462d86a873,adjustable.bayern,available,84,4,10,,,
d2af4761-7c6c-4337-ad0e-c98308aeace6,adjusted.bayern,available,70,5,8,,,
825fd16a-c252-4017-afc7-cbe71c96593c,adjustive.bayern,available,58,2,9,,,
4202bf1c-66ba-4d94-af1a-f252b2767471,adjuvant.bayern,available,62,6,8,,,
43a59c69-5c81-41a2-bff0-fde03dad987c,adlib.bayern,available,88,7,6,,,
3c73601d-8c1c-49b8-ae68-895f9d45bd8c,admirable.bayern,available,74,6,9,,,
fea26352-970c-4936-80db-aefd131e9752,admired.bayern,available,70,6,7,,,
9796bfc0-b177-486a-874b-315acc8d88ea,admissible.bayern,available,62,2,10,,,
bda37926-b053-4d00-9c40-696d636600ae,admissive.bayern,available,56,2,9,,,
b6929193-c4ab-42b8-a1ce-c3d205d731b1,admittable.bayern,available,56,2,10,,,
6643a041-85fd-4046-8f49-fab1becfb53d,admittible.bayern,available,56,2,10,,,
f2d51907-a48a-4fc0-99d9-7ea930efe6b0,admonitory.bayern,available,54,1,10,,,
0aa333ed-2bbe-4a7d-874f-70306293d40e,adnate.bayern,available,60,2,6,,,
1b140842-bde1-4957-9aad-a2ba61bc4f2a,adnexal.bayern,available,60,2,7,,,
03203a93-3f34-47a6-a000-4f832e315659,adolescent.bayern,available,86,4,10,,,
879e398e-9112-45d5-a689-a9667bcca015,adonic.bayern,available,72,3,6,,,
3633f5de-119c-4494-9c9e-ca3699e72292,adoptable.bayern,available,80,4,9,,,
2920d27b-4781-4500-a85c-c7c4e6285217,adopted.bayern,available,66,5,7,,,
abe96131-4f1d-41c0-8d6b-0b26040ea84b,adoptive.bayern,available,62,2,8,,,
864fec1c-472e-49b7-9e59-a19472783819,adorable.bayern,available,78,9,8,,,
4196c1b3-6b7b-420a-899c-551ed173b362,adored.bayern,available,70,7,6,,,
e56a851b-163a-4be2-9e92-a59bd8e74abe,adoring.bayern,available,90,3,7,,,
6da70611-2237-41e6-ad6b-ca8e3cb875eb,adorned.bayern,available,66,5,7,,,
2cda0ed1-43c0-418f-a178-66dcbf56b7b8,adpressed.bayern,available,54,1,9,,,
29cd0ca3-407c-481a-ad3a-b52a6c3be519,adrenal.bayern,available,78,4,7,,,
8d4bf5c2-fe8a-43ae-9a19-3ac1105af07c,adrenergic.bayern,available,74,1,10,,,
67c9a304-e85f-436b-8b7f-ed4f416b9ea3,adrift.bayern,available,62,10,6,,,
6608658b-23b6-4242-bfc3-17b67a4998ab,adroit.bayern,available,72,14,6,,,
caa50a6c-8a7e-4a45-9178-65ff1c52d6c6,adscript.bayern,available,94,3,8,,,
42f85443-675f-455f-af90-a6e4bd853af6,adscripted.bayern,available,54,1,10,,,
8647a96c-18a6-43be-81cc-d0e39fd4b1c4,adsorbable.bayern,available,56,1,10,,,
3db87210-b758-4b5a-bd95-b7171cc8adc5,adsorbate.bayern,available,60,1,9,,,
9d000837-264f-4d03-8bc5-75f4e81dea87,adsorbent.bayern,available,74,1,9,,,
e45f9994-fc6a-49c1-8e08-e5d9473e7a2e,adsorptive.bayern,available,74,3,10,,,
a2ce7a7e-eef2-4f40-a6ac-ff12bd8e9d4f,adulatory.bayern,available,50,1,9,,,
9ef7b939-3463-4699-bb6a-89c56923b9b2,adult.bayern,available,110,23,5,,,
d83cfbdd-8b28-40b0-9b0f-c2094a6e00e0,adulterant.bayern,available,54,1,10,,,
78376a72-4d48-49d3-8c64-b5924b181301,adulterate.bayern,available,74,1,10,,,
7f4d0afe-1c28-4de8-9f1b-bab25b17467c,adulterine.bayern,available,68,1,10,,,
28940481-b888-4ad5-9e4e-2b49bdffe693,adulterous.bayern,available,50,1,10,,,
3cfe26d0-a991-4ba0-a978-7e092c6d6ba0,adust.bayern,available,54,2,5,,,
4836aeb2-4b45-4fec-9797-14c0ef8bcdde,advance.bayern,available,110,27,7,,,
4fe2df8b-f794-49e1-b4a6-dffe066a250f,advanced.bayern,available,74,25,8,,,
080e8dd1-4160-42b2-a309-a117b7505c89,advancing.bayern,available,72,6,9,,,
72372007-f6c9-4c0e-8ca4-1b61cb57c3fc,advective.bayern,available,50,1,9,,,
ecbc994d-f2f6-4253-9668-95b472d2817f,adventive.bayern,available,68,3,9,,,
85627e2b-2483-41c5-9e6a-210adee64385,adverbial.bayern,available,66,1,9,,,
defb2452-a472-42aa-a929-fdae886b5ead,adverse.bayern,available,54,7,7,,,
0bb4d4a0-5fbc-49db-906a-b1278b3828e1,advertent.bayern,available,56,1,9,,,
fa0429ec-ebf7-463f-ac5f-89561a4cf1d2,advertised.bayern,available,54,3,10,,,
cb86dc05-7fdd-4e27-9ea6-8d9190fd1e27,advisable.bayern,available,62,3,9,,,
0662d45f-efe3-446d-b70c-aed934acd8ef,advised.bayern,available,66,4,7,,,
0fc78203-aec8-4a80-9389-fd2f5a71c171,advisory.bayern,available,80,17,8,,,
8dd3168f-a5e7-47fe-b6bf-e68a084c4877,adynamic.bayern,available,50,1,8,,,
4d00b2c3-8db7-402c-8aa0-5d8362082a73,aecial.bayern,available,54,1,6,,,
ab2196a2-40f9-4c47-ad1a-a13b7fe46612,aegean.bayern,available,70,13,6,,,
7e2053f8-fde0-4181-90e3-94e454069c6d,aegeansea.bayern,available,60,2,10,,,
72aae6b0-4863-4188-a650-ca97ec9f3f22,aeolian.bayern,available,72,7,7,,,
26030ae2-3bcf-4dbb-b339-81107d5e509e,aeonian.bayern,available,50,6,7,,,
ba554771-e661-4ddc-8079-e1d60c13c0e1,aerated.bayern,available,68,1,7,,,
b104dfe9-bcaf-49d9-9db9-9a3c756fa03b,aerial.bayern,available,88,19,6,,,
247be4af-8d6a-4806-bf97-338619f875ee,aerie.bayern,available,74,8,5,,,
5b4a9b39-01dd-4b0d-9dad-77f9e73d8ddb,aeriferous.bayern,available,46,1,10,,,
7302d04b-d277-4d83-a9a6-c88b00b0a669,aeriform.bayern,available,56,3,8,,,
7e41cece-3152-41d6-94c3-d65f3dc647bb,aerobic.bayern,available,74,5,7,,,
fd362fcf-4c1d-4ba8-8fe3-79ffea72ae56,aerobiotic.bayern,available,64,1,10,,,
db271622-e196-40ef-b93a-3d3fb7c2c084,aerolitic.bayern,available,46,1,9,,,
08cc63e1-de14-4eee-a24b-5ea621a9fe4e,aeronautic.bayern,available,62,3,10,,,
f0c304ec-bfa4-4fdb-a84a-7e28f5474bac,aerophilic.bayern,available,64,1,10,,,
564cb210-450b-4085-8985-097c7370dbf2,aery.bayern,available,88,5,4,,,
6b2e368f-cc3a-44a1-988b-d071521e5b85,aeschylean.bayern,available,46,1,10,,,
2d7670ba-9096-49f1-8549-869b7dc71a8e,aesthetic.bayern,available,88,25,9,,,
7d2bd24f-5441-45cb-9aaa-727e2bec3bb2,aestival.bayern,available,46,2,8,,,
192eda23-a3a4-4991-be0d-0785e118494e,aetiologic.bayern,available,46,1,10,,,
7b1562da-748e-4ff2-85f5-4c1da34e930a,afebrile.bayern,available,64,1,8,,,
9fba1e58-5de6-4af8-9984-b7663788ecd4,affable.bayern,available,80,5,7,,,
24964153-4caa-4c65-90e8-a83ba691e4ff,affected.bayern,available,72,2,8,,,
49d04cf9-39cb-4e9d-a4fb-2643cf53eba6,affecting.bayern,available,62,1,9,,,
321f7715-d1fc-4ab0-bb0f-baab9d8c0f82,affective.bayern,available,56,5,9,,,
cee1f7bd-7922-4de7-8b5b-414c30380890,afferent.bayern,available,70,3,8,,,
10a1f42c-62eb-472b-bc96-6e50dea49735,affiliated.bayern,available,60,10,10,,,
8011df20-e8c2-4e5a-a498-c8267632cc01,affinal.bayern,available,50,2,7,,,
62f5e4c8-a4b7-42d7-9b59-ae56055635d9,affine.bayern,available,94,14,6,,,
c291e1af-7f21-45d6-9068-209d143464e7,affined.bayern,available,48,1,7,,,
dc08e122-a3bb-4703-a181-f6ad0f92c996,affirmable.bayern,available,62,1,10,,,
8a186782-1ca2-45f1-bd19-78c81757ae8e,affixal.bayern,available,54,1,7,,,
3ab02e05-f1d4-4d9e-807a-ff5ca06d7441,affixed.bayern,available,54,2,7,,,
754eb95a-e680-4521-a379-b0d796bd4b12,affixial.bayern,available,50,1,8,,,
6e93135c-c095-4528-9d72-71c7a5bb96f8,afflicted.bayern,available,54,3,9,,,
bf0915bb-285b-4e4e-aa3e-67c81063bf3d,afflictive.bayern,available,54,1,10,,,
22d71442-f583-47e5-a69f-84f790367422,affluent.bayern,available,88,9,8,,,
4a376e5b-7a84-4bf0-b65e-f07d912b2635,affordable.bayern,available,70,19,10,,,
93f580c7-e912-448f-a538-09a737ef417c,afghan.bayern,available,54,10,6,,,
76a278aa-b0d1-44b0-ba03-0173e4f227cb,afghani.bayern,available,68,3,7,,,
599d77d9-9693-46c7-b622-8c27fed485f8,aflame.bayern,available,64,4,6,,,
db1b149f-0c7d-41e9-8939-794c10521db4,aflare.bayern,available,66,3,6,,,
21293a29-2a00-4ade-b15b-6f7e4ce02775,aflutter.bayern,available,62,2,8,,,
abf97710-1a28-4b63-a20c-0c4436d00c0b,afoot.bayern,available,58,3,5,,,
654ee63c-d2aa-4931-ba5c-ad39501dca37,african.bayern,available,68,19,7,,,
18425966-d1b4-42fe-ac19-227b9b01395f,afrikaans.bayern,available,74,5,9,,,
ee0d3388-dab8-457e-a5f3-a2153d1ff27b,afrikander.bayern,available,50,1,10,,,
0d6c5e1b-a6af-4735-87ef-c5e0467681ea,afrikaner.bayern,available,50,3,9,,,
2cc6ed74-8cfa-4142-8395-9d756c968d32,afroasian.bayern,available,46,1,10,,,
c52f8ee3-4299-4915-9c0e-986bce3b4d39,aft.bayern,available,50,14,3,,,
247ce2f9-df34-4c57-be06-922b8c5efab1,after.bayern,available,100,23,5,,,
d900c7b7-9d39-4677-8946-5becdf30768e,aftermost.bayern,available,54,1,9,,,
5d1aa326-5ee1-4f04-9892-b33d886227ca,afterward.bayern,available,40,3,9,,,
caab7a4b-8a56-455c-b8e0-f1d26a2db163,afterwards.bayern,available,40,3,10,,,
8e90be94-609e-4252-adb9-7344d0a1a547,agamic.bayern,available,50,1,6,,,
7202d4ca-95bf-4f99-a3d4-c95f8feae128,agamous.bayern,available,50,1,7,,,
577219ab-dbd4-40ce-807d-3522191ac2f3,agape.bayern,available,94,27,5,,,
08934373-6763-4cf1-a42a-4b5a475a5f69,agaze.bayern,available,56,2,5,,,
f1afc8e6-048e-406b-8d18-dedbd975e354,aged.bayern,available,90,8,4,,,
9859bed7-a0cc-4807-830d-28cfd6b3748c,ageing.bayern,available,86,4,6,,,
f237956b-f866-45e7-80a2-c3adf7ca6058,ageless.bayern,available,70,21,7,,,
e44d8b08-9763-438d-bfab-913565134a48,agelong.bayern,available,58,1,7,,,
fd71b2db-8131-4e90-939c-eeab0c8bbc25,agential.bayern,available,72,3,8,,,
28dbb0f5-67ca-4d85-935e-c264e88bbf7b,ageold.bayern,available,62,1,7,,,
6e809648-d1ff-41eb-852a-dd704c2867fe,aggravated.bayern,available,58,2,10,,,
db99b4a2-a6c9-4acc-a3f5-92729078dd38,aggregate.bayern,available,96,12,9,,,
8a63ad52-a3d1-4d7f-ab49-20baea7b6dbe,aggregated.bayern,available,56,3,10,,,
8a7cd9d5-2acc-40de-9616-128a9b95327c,aggressive.bayern,available,84,6,10,,,
737405ce-90a7-40f9-85c3-6087decbb6d6,agile.bayern,available,92,36,5,,,
9516c09f-e8d9-4d6b-9000-c292a2d2551b,aging.bayern,available,86,11,5,,,
ca9f4e1a-c733-4cc6-ae05-f580ea6acd94,agitated.bayern,available,58,2,8,,,
b3111a8b-ae0b-41e0-9f14-b095503a4a89,agitating.bayern,available,54,1,9,,,
28588d94-15f6-47ff-a861-4629e5f55bc5,agitative.bayern,available,52,1,9,,,
9de4f94a-92ff-42dd-84d8-fd9058ca6482,agleam.bayern,available,60,1,6,,,
f93e67f1-ea5b-40aa-8994-8b2d035abbd0,agnate.bayern,available,76,2,6,,,
18b78e1c-beff-4b47-a9d5-337d9bd65488,agnatic.bayern,available,58,1,7,,,
b3857cf1-9869-43ec-a0d0-642e252e8b47,agnostic.bayern,available,84,8,8,,,
0a498ea1-b34e-4227-8711-4cfded111cb5,agnostical.bayern,available,58,1,10,,,
9b9a4856-f9c9-4778-b3b4-8e0a9ac42ff5,ago.bayern,available,66,17,3,,,
e379c016-be62-4f7c-9ffc-4d58b649f6d2,agog.bayern,available,76,5,4,,,
e6c186b2-8d4c-4855-b904-f5a92fa996d7,agonadal.bayern,available,54,1,8,,,
96488393-3779-480c-b0c4-7a9df80c447a,agonal.bayern,available,58,1,6,,,
515a35e2-8bc2-4be3-9838-ac8c0a902449,agone.bayern,available,56,3,5,,,
234248c1-bb45-4bbc-8da3-318c926cb9f7,agonised.bayern,available,54,1,8,,,
12e112fc-5036-455e-b788-c49fb6dcc86a,agonising.bayern,available,72,1,9,,,
fb8fef2b-7d13-4829-ad20-de6682baa32d,agonistic.bayern,available,56,1,9,,,
0edad900-86fb-4f46-afe7-b17741f5436a,agonized.bayern,available,54,1,8,,,
814bfdf6-d112-41e2-ab29-beeec2c99b60,agonizing.bayern,available,72,1,9,,,
4c92d144-85a4-499d-8e3b-69c70cf28f83,agraphic.bayern,available,50,1,8,,,
298bd6da-69ab-434c-8d52-aa0db71641a7,agrarian.bayern,available,82,3,8,,,
3ec8131c-7415-4209-a151-76c83b44d14b,agreeable.bayern,available,92,3,9,,,
1c79b606-be25-4afd-afe2-7f7b4d3edc30,agreed.bayern,available,96,6,6,,,
3040e431-0b5b-429b-b064-f7aa7242868b,agrestic.bayern,available,54,1,8,,,
4675905e-fae2-49b6-8f41-76d0e31b6b47,agrologic.bayern,available,54,3,9,,,
b12b8afa-2d19-45c7-a716-1e9bc7fccc6b,agronomic.bayern,available,54,2,9,,,
4848172d-8aef-4aec-83ee-6d0c7cb63e03,aground.bayern,available,60,2,7,,,
76661a4d-74cf-40a1-a071-3a2a8d0cc8d4,agrypnotic.bayern,available,68,1,10,,,
c8d7fde9-fa49-43df-9109-c9590427ba0f,aguacate.bayern,available,56,6,8,,,
5c505ee7-cd78-4ac3-9746-141f6ce6eca1,ague.bayern,available,76,1,4,,,
8a3c1fec-2363-4689-bf0d-8d4c1209c6bf,aguish.bayern,available,56,1,6,,,
78733bb1-1b03-456b-af3f-ae4eb3041efc,ahead.bayern,available,76,23,5,,,
6ee1643a-2a0b-449d-9f99-399b31e1da64,ahorse.bayern,available,46,2,6,,,
2f8cfa91-4888-4729-962c-4915bad80462,ahorseback.bayern,available,52,1,10,,,
6fa4931a-8daa-47b7-8720-bc108d70a160,aide.bayern,available,80,15,4,,,
7a2b9144-c1ec-4ee7-a158-c992833b1164,aided.bayern,available,72,5,5,,,
b6872db6-bf9a-453a-b504-c5db8a8530a3,ailing.bayern,available,82,3,6,,,
1aae56c9-cf05-4530-a716-3e175dce8721,aimless.bayern,available,54,9,7,,,
fa8d1da7-edd2-43c9-89b8-d44928bf22b0,ain.bayern,available,56,16,3,,,
ff3f923e-017c-4982-bee5-cb5c7e537330,airborne.bayern,available,78,14,8,,,
a41dab03-3dbf-419d-a90c-8d799e1f357b,aircooled.bayern,available,64,5,10,,,
12d1d88d-7311-457f-ae65-d9085b9aeb9c,airdried.bayern,available,58,1,9,,,
2045a097-1b34-4422-bf04-9affb656a14c,airdry.bayern,available,64,5,7,,,
20e22493-52e9-4971-8b97-72d0a3295d15,aired.bayern,available,56,7,5,,,
d0e5845a-1452-4960-81a3-f43e2cd567e9,airfilled.bayern,available,58,1,10,,,
84cd7afb-4a0f-4deb-80f5-babb62c14f97,airheaded.bayern,available,48,1,9,,,
5a33b4b8-7f1c-465d-a378-240fa1f28e63,airlike.bayern,available,68,4,7,,,
054d8c41-a860-4dbe-9b20-9d34d4c1d8d0,airsick.bayern,available,52,1,7,,,
43c4b1e5-85f4-4b57-9752-765ac1436fd3,airtight.bayern,available,64,8,8,,,
ae5b5cf3-adff-4445-bda8-31e3b48ccecc,airtoair.bayern,available,58,2,10,,,
98783874-fe6f-471d-8a81-a2ac3ed48594,airworthy.bayern,available,58,3,9,,,
f99837f3-e8d9-40a3-bac1-49a2decc15a5,airy.bayern,available,70,9,4,,,
882bc10b-c4fa-4109-9a71-dde6c09620a6,akimbo.bayern,available,66,10,6,,,
c8d6dffc-7ddd-404a-a336-0f18d4816a99,alabaster.bayern,available,82,8,9,,,
6a60c02d-81aa-4505-9055-ee655814a7b4,alacarte.bayern,available,58,12,10,,,
4312802b-70b2-4f31-bc24-7bdb64b1bedd,alacritous.bayern,available,58,1,10,,,
d39ae68c-725f-4e80-b47f-3a80ad07101f,alamode.bayern,available,96,12,9,,,
c46a0313-4d7c-49cf-901d-ecf5a938ee81,alar.bayern,available,60,6,4,,,
54e423cc-42ef-489e-992b-f12702998583,alarmed.bayern,available,52,3,7,,,
0258c1c2-aa28-4fba-ad9c-8f6869af61f0,alarming.bayern,available,46,3,8,,,
e5684f50-9495-45b4-9052-b28c5789a4cf,alary.bayern,available,56,4,5,,,
61e915ea-149a-464d-b042-504b96b7a596,alaskan.bayern,available,76,9,7,,,
ddeae57e-c978-457b-a71c-737ebcf9c442,alate.bayern,available,82,2,5,,,
cd0b1780-6dd5-49a0-b162-365fba36a44e,alated.bayern,available,56,2,6,,,
03fc2908-8f8f-4353-a55a-b71e208ce84b,albanian.bayern,available,82,14,8,,,
9d4a23fb-50f1-42bd-aa31-dc900686264e,albescent.bayern,available,54,1,9,,,
b14d4d10-4f41-42da-ba01-e3d7690bc2d8,albinal.bayern,available,56,1,7,,,
04834a80-4e95-4027-a775-8ede4ca040e9,albinic.bayern,available,56,1,7,,,
00e77acc-66af-41b2-9b81-4935a32012e9,albinistic.bayern,available,52,1,10,,,
4e6fc2ec-236f-4cd7-b771-5a5d1df11285,albinotic.bayern,available,52,1,9,,,
7947152a-25b0-43ba-b889-545bc999f50e,albitic.bayern,available,56,1,7,,,
600c1e65-2d3b-4734-972b-d03810661d5d,albuminous.bayern,available,54,1,10,,,
69bf859b-9d2e-4c4f-b9ae-6117b242e68f,alchemic.bayern,available,52,6,8,,,
810d964a-cf62-4ad5-9183-2826d826fca8,alchemical.bayern,available,52,8,10,,,
82ab8c3a-c8e1-46a4-ae2d-5cea08548e95,alcoholic.bayern,available,72,7,9,,,
7e1fa384-cee7-481b-8c70-0155c7edbf3e,aldehydic.bayern,available,52,1,9,,,
aa755614-7ac6-4402-904d-533c0a7090fc,aldente.bayern,available,62,9,8,,,
6572dc46-ad2c-4131-aa5d-c52f0f960cc9,aldermanic.bayern,available,52,1,10,,,
031a9717-2d2b-4ba1-bb8d-d91aa2ba8fb7,aldermanly.bayern,available,60,1,10,,,
983fe1cc-93f2-4f52-8fa0-cbc48a2cd21a,aleatory.bayern,available,52,3,8,,,
0be758a0-169b-4858-b1a0-f368993f5690,alert.bayern,available,66,26,5,,,
63073d7e-786e-47e2-9b03-cb169632ad2a,aleuronic.bayern,available,52,1,9,,,
4b67deed-10e1-4758-b902-0b69589ccbaa,aleut.bayern,available,84,3,5,,,
b4f891c6-5943-4b4c-99d0-12aa05f955fa,aleutian.bayern,available,70,3,8,,,
c6dd27a9-ef91-4337-8f48-a4f92aa53fb5,alexic.bayern,available,56,3,6,,,
ba3f5c97-af2e-4bc3-9ac6-69b7bb46c716,alfresco.bayern,available,66,8,8,,,
2b843965-6f6a-4da5-9da3-b8ad5ccd6a06,algal.bayern,available,74,2,5,,,
a5a5c761-9f1c-4d4c-9404-298fc50cc003,algebraic.bayern,available,52,5,9,,,
a4f7ccf2-cc92-4694-a962-32166876079c,algerian.bayern,available,72,3,8,,,
32a49e08-15d0-4d3b-905f-9fa7bf1a2d30,algid.bayern,available,52,2,5,,,
b55952a1-bf76-418b-bed1-47684ea76bdd,algoid.bayern,available,52,1,6,,,
4810025d-5351-4b78-a046-6fda84fc70b8,algolagnic.bayern,available,48,1,10,,,
dcd08082-3085-4ca4-bc9f-750d3e60bf6b,algometric.bayern,available,48,1,10,,,
97b81c9f-11f0-4cfe-a945-141b09b2320e,algonkian.bayern,available,70,1,9,,,
73722590-53b2-4b98-b60b-a4f1d745548e,algonkin.bayern,available,66,2,8,,,
ba8a954e-69a9-4ae1-8bf6-1ed7d401d967,algonquian.bayern,available,70,1,10,,,
c27ede88-dcab-4878-a5c9-21cfb10459b1,algonquin.bayern,available,66,7,9,,,
89e81586-5499-4622-a3ac-97916db9d80e,algophobic.bayern,available,46,1,10,,,
a5c3833e-15cc-4ea2-a538-d7065c5ee1c2,alien.bayern,available,56,35,5,,,
2739f2e9-2699-4818-af03-a853540e76ac,alienable.bayern,available,52,1,9,,,
5297ee97-3575-489b-b4f9-d5ddcd102486,alienate.bayern,available,82,3,8,,,
c1ec9e11-b87f-4e1f-94e2-514db9eef545,alienated.bayern,available,44,4,9,,,
185e6088-2be3-4478-8e68-5379fa88b957,alienating.bayern,available,44,1,10,,,
65849142-a144-4137-b684-908b06552741,aliform.bayern,available,56,3,7,,,
738fe43a-4991-4920-ac46-daac735c4a08,alight.bayern,available,86,10,6,,,
57f08e76-1dd2-40df-8010-76bfe6632211,aligned.bayern,available,58,26,7,,,
5b6ead24-4f56-4a1e-bad5-f1d5c92a5ce5,aligning.bayern,available,52,4,8,,,
6c232b87-94a0-4605-af46-9f34b16578e1,alike.bayern,available,80,8,5,,,
206b5a4d-3494-4efc-a3f8-e1a9c29c018a,alimental.bayern,available,60,2,9,,,
efe66558-121a-4b58-a059-0a75296e511c,alimentary.bayern,available,62,3,10,,,
07fdc72b-3841-42ed-9cc2-a7aa85c78872,aliphatic.bayern,available,64,1,9,,,
d7d14c2b-6bd6-4cb6-b534-e2ff23fb228b,aliquot.bayern,available,96,3,7,,,
9e0b96b2-f362-46b6-9c9a-a0f0a08c4c53,alive.bayern,available,84,28,5,,,
eab9cdee-32ea-4f80-9a8b-401d458a0978,alkahestic.bayern,available,46,1,10,,,
ca41a616-4c9b-49cc-8934-788048eea7e5,alkalic.bayern,available,50,1,7,,,
40e27568-8f60-4a68-ae3a-2d1a8495cdcb,alkaline.bayern,available,88,9,8,,,
402ac75c-4e77-4aa3-98d5-1ea436251b19,alkaliser.bayern,available,66,1,9,,,
72845a3e-6374-42f8-8635-bda878499a06,alkalizer.bayern,available,66,2,9,,,
17f3f22e-0085-4a15-9388-7c0c3e4329a8,alkaloidal.bayern,available,46,1,10,,,
80b5dd31-a233-4385-9486-bddb4e74e90c,alkalotic.bayern,available,54,1,9,,,
2bc33273-3d2a-41c6-9176-c464a72321b2,alky.bayern,available,56,4,4,,,
cdf36633-4151-4f54-b987-da663e03d1c4,alkylic.bayern,available,50,1,7,,,
ce240762-0bc1-4e5e-baec-78b345529ebd,all.bayern,available,88,44,3,,,
ee0f7350-a8f1-42a6-9939-9e4a78ec875c,allantoic.bayern,available,54,1,9,,,
5d09e534-eefd-4225-87f9-d257c109db85,allantoid.bayern,available,72,1,9,,,
d0a99d8b-9254-410f-b3ae-d9cb608b5c46,allargando.bayern,available,44,1,10,,,
c58a2ac0-8f2d-465d-84ed-7e226d9d9151,alleged.bayern,available,70,3,7,,,
51c48bb4-c217-44d0-887e-6fa84c9f6df8,allegiant.bayern,available,66,8,9,,,
eafc4040-6e71-4b46-af44-7d5a849d2e00,allegoric.bayern,available,60,1,9,,,
0859b214-01bb-43d4-819b-8b97d7899726,allegretto.bayern,available,76,3,10,,,
bc51461c-9182-4d90-8d93-055965cc0445,allegro.bayern,available,100,26,7,,,
0fdb5d54-a809-452e-808f-68a83180becc,allelic.bayern,available,50,1,7,,,
6bf3ab77-069b-4d59-aef7-0bf1fd25ad7f,allergenic.bayern,available,54,1,10,,,
655d312e-3096-4242-860f-ab4037d1f42f,allergic.bayern,available,84,3,8,,,
71fb17e9-3b23-4a41-951c-41ab9e3d1274,alleviated.bayern,available,66,1,10,,,
7395b39f-8fbc-45fa-9f47-47c90b7ba4c0,allfired.bayern,available,62,1,9,,,
df26c7d2-b635-40c0-a3e3-8dd513a7f933,alliaceous.bayern,available,54,1,10,,,
2e18ae9d-d4e9-4164-a398-c99ce5d850fa,allied.bayern,available,74,22,6,,,
64c4a114-60cd-467f-8557-01cec9bd9527,allmetal.bayern,available,52,4,9,,,
9a23fb0d-9af6-4973-b3f7-4e22a7e8d754,allnight.bayern,available,54,4,9,,,
e6c3729d-8996-4894-8bc8-e1be43279070,allocable.bayern,available,54,1,9,,,
28fea814-5784-4919-8412-6a548a2bdef0,allogamous.bayern,available,54,1,10,,,
6f0705ff-16f8-4ed1-9af1-f1b4f3be4f1a,allogeneic.bayern,available,54,2,10,,,
9550bda4-9c7e-4459-b825-083981816867,allomerous.bayern,available,54,0,10,,,
cfa301d3-cf35-4371-bb9f-7872559168ab,allometric.bayern,available,54,1,10,,,
13c197dd-d18b-4e69-be45-dd40062c4443,allopathic.bayern,available,54,1,10,,,
c239b943-9d25-442e-b86c-e3a96f5c54d7,allopatric.bayern,available,54,0,10,,,
1e868b2b-f705-4c2e-9500-2409fa5e4f41,allophonic.bayern,available,46,1,10,,,
bf078334-8912-4022-9a4d-f052192906c1,allotropic.bayern,available,46,1,10,,,
844f9ad9-3d70-4982-ae89-e564ec7665c9,allotted.bayern,available,62,1,8,,,
3cf3b3d6-7734-4a2b-b334-88d2b7b3da83,allout.bayern,available,84,9,7,,,
e32ebe6b-440b-426e-a29e-83080f6fa4bf,allover.bayern,available,58,9,8,,,
331d640c-0ebd-43f6-b10d-2225feac2d8e,allow.bayern,available,72,8,5,,,
b0c7f5d1-a56a-4ac4-9f0d-4289e1ff9222,allowable.bayern,available,82,1,9,,,
09865f4f-11e3-461b-8f34-7e1273a35ab4,alloyed.bayern,available,58,4,7,,,
f3bcb221-13bf-4949-838f-1fa2f91ed83a,allright.bayern,available,68,8,9,,,
e7e64bcf-c101-472e-9842-43ca9d5ff76b,alltime.bayern,available,72,11,8,,,
36068ac4-92d1-4038-8734-2c62facff6f4,alluring.bayern,available,88,5,8,,,
eefa2fc9-61f4-4fd4-a83c-953614ba0804,allusive.bayern,available,60,2,8,,,
f225f76b-c2cc-4f69-a249-2ade251d4e06,alluvial.bayern,available,82,4,8,,,
00d02a72-cb5e-4c39-90a5-75122d2e955a,allylic.bayern,available,50,1,7,,,
7977c5b7-a5b8-46b9-be80-769371e48d24,almighty.bayern,available,62,9,8,,,
9b80ac0e-3c35-4b2e-b226-cd27b1363fc8,alone.bayern,available,78,12,5,,,
a27cc38e-3c0d-4823-8f05-2632d7ff7236,aloof.bayern,available,66,5,5,,,
f8642d1b-e731-4924-ae82-899103d4e05d,alopecic.bayern,available,42,1,8,,,
e9d0504e-2196-4e2b-9ec3-f03ae667392d,alpestrine.bayern,available,46,1,10,,,
83da9553-d27c-45a6-96c3-1527f048a1d5,alpha.bayern,available,90,48,5,,,
ddd807c6-f3a1-4dc1-934a-118d457637ae,alphabetic.bayern,available,66,2,10,,,
1a599b3b-ccde-4437-a9dd-14674de748a8,alphameric.bayern,available,62,2,10,,,
35afd5f2-4c40-43d7-9a07-948285e9ee59,alpine.bayern,available,70,17,6,,,
39c5ecc6-8778-45f0-abfb-a85ac7e60a91,alright.bayern,available,106,10,7,,,
637ff94d-199f-4356-9077-9951f4bdec15,alsatian.bayern,available,58,2,8,,,
721e39c3-fe2e-42d6-a01d-fff0ebf20a04,altaic.bayern,available,54,2,6,,,
6df666fe-9e3d-4d6b-9f3a-67f03634e5c9,alterable.bayern,available,80,2,9,,,
07881b61-1947-4fce-bda4-00d7693ca45d,alterative.bayern,available,74,1,10,,,
8fa9f4dd-b35b-4d77-b5d0-36268041cd29,altered.bayern,available,82,10,7,,,
93ce001c-0d4f-4ce7-986a-a98c14b0bcb4,alternate.bayern,available,100,12,9,,,
6ad8cecf-c73b-4069-bfcc-59219428bc43,altissimo.bayern,available,54,6,9,,,
f6d33a9f-3012-4a99-b403-6310a5e47e5b,alto.bayern,available,56,28,4,,,
3fb8edec-3fb2-48fc-bad2-d939fce43bdc,altogether.bayern,available,76,6,10,,,
ed463c8c-628d-40c6-8fd4-67fe970eeab7,altricial.bayern,available,68,1,9,,,
c89ad86c-1916-4d13-a667-7aaf8b86ce89,altruistic.bayern,available,74,6,10,,,
a3c1899b-a3d0-4883-945e-436cbc34fd9f,alular.bayern,available,54,2,6,,,
f1abcda3-5909-4b4c-a3b3-93ea0ca8d09e,aluminous.bayern,available,56,3,9,,,
e56ca027-95ae-4233-b3ef-ca1ffcbd7e8f,alveolar.bayern,available,80,1,8,,,
c1e7c7d2-44af-41d3-bc1a-a851c6a33698,alveolate.bayern,available,74,1,9,,,
665ae542-34b7-487d-8e93-aa58bfb53a76,alvine.bayern,available,54,3,6,,,
2f8fdfdf-138b-45a9-9144-11ca3bbfaaa8,amalgamate.bayern,available,82,5,10,,,
c8bb8461-b862-40e5-986b-04ea73119942,amateur.bayern,available,84,18,7,,,
148de1e5-8cae-4dd2-a94a-fa4fc1d5d200,amateurish.bayern,available,52,1,10,,,
07129fb1-7123-4479-804a-a42da359974a,amative.bayern,available,60,2,7,,,
9e114908-8a59-4172-97dd-60d7a6711c52,amatory.bayern,available,60,2,7,,,
42b0c005-1403-4d6d-b298-d955c41517e9,amaurotic.bayern,available,46,1,9,,,
34ec2d53-6129-4bb5-b365-6de381823e68,amazed.bayern,available,72,5,6,,,
8209bed7-0ec2-4b15-b590-5ddcd08367a4,amazing.bayern,available,78,29,7,,,
e6774915-cf40-4f96-889b-44d86bb33220,ambagious.bayern,available,48,1,9,,,
b1de9c52-7cd1-45a3-b542-8f00c2126761,amber.bayern,available,62,29,5,,,
7238dd0a-d98c-4fd7-8c90-49ad9d7d7948,ambient.bayern,available,78,26,7,,,
000c1b1e-8d89-4997-abe7-a16a6bccb4dd,ambiguous.bayern,available,58,7,9,,,
047d2965-b80b-4943-b94b-69945ac5f690,ambitious.bayern,available,68,13,9,,,
ac689dfe-f399-4123-8713-37a6b48b00d9,ambivalent.bayern,available,43,4,10,,,
2ce579e7-9847-4595-ac9e-a14f25817654,amblyopic.bayern,available,46,1,9,,,
70bb3a9d-94b0-4672-bca0-55c1555ebb97,ambrosial.bayern,available,62,4,9,,,
26c475c3-a270-4e50-bf96-a4a63785a702,ambrosian.bayern,available,72,2,9,,,
b1dad3d2-e765-479f-9814-62823859fb06,ambulacral.bayern,available,68,1,10,,,
3b4c9394-0334-4e92-ac26-90b6e88a654c,ambulant.bayern,available,74,3,8,,,
0a183c22-6b86-411d-8275-a78060430619,ambulatory.bayern,available,74,2,10,,,
6e0e24ba-2e95-44bb-84ba-f109a905ff1c,ameban.bayern,available,52,2,6,,,
db6808bd-2126-48df-ae75-30f3fff6fd2e,amebic.bayern,available,56,1,6,,,
0b056b10-4fb9-4839-9ecd-7b2c701ac89c,ameboid.bayern,available,74,1,7,,,
db6b09f3-0ae9-4456-af71-8bd1311b7f07,amebous.bayern,available,52,1,7,,,
06010b40-efa7-4f53-bf98-25efb70eb11b,amenable.bayern,available,68,2,8,,,
388e37e0-5792-4aaf-bf21-da050f4d6b5c,amendable.bayern,available,68,1,9,,,
d7efaf07-6230-4479-a7fe-161ed3797441,amendatory.bayern,available,56,1,10,,,
cc95950f-b35e-4aa8-ad87-025ee0de71b3,amended.bayern,available,60,3,7,,,
7b3dffee-b362-485e-b730-705060e298e6,amerciable.bayern,available,54,1,10,,,
091adb02-8392-4a94-904f-cd5cad63b0b3,american.bayern,available,98,33,8,,,
9318c3f9-51a2-4c99-96b3-9b5c1b0fce7f,amerind.bayern,available,76,2,7,,,
460a5939-73ab-4f01-8511-9633bdbc7e21,amerindic.bayern,available,54,1,9,,,
d55c10af-b4be-4c31-99ec-0752868433e7,ametabolic.bayern,available,50,1,10,,,
e3121915-2d9e-4b23-8562-2365a7f2f5f7,amethyst.bayern,available,58,19,8,,,
9f794cc3-1517-4487-8306-e09c6dbfb1ce,ametropic.bayern,available,50,1,9,,,
ac684872-bb7b-4823-9cd4-9e88fc1055d8,amharic.bayern,available,54,4,7,,,
00305d48-e199-4da9-ad8e-f6c9a63a8e23,amiable.bayern,available,80,5,7,,,
4eda9ca8-4dc4-48d4-bbf2-4df957f7d6e3,amicable.bayern,available,70,5,8,,,
11c0c1d8-9550-4eb8-9683-5c011b4ecaea,amidship.bayern,available,39,1,8,,,
8f9643b9-eb3e-4e27-9e44-789003bb81fe,amidships.bayern,available,59,1,9,,,
f25447ae-6dfd-44c1-a04e-a19e703237eb,aminic.bayern,available,50,1,6,,,
343da5a9-3fd6-413e-847d-cdcce467d69a,amino.bayern,available,76,10,5,,,
04dad801-0be0-4c49-b777-156ae248729a,amiss.bayern,available,84,4,5,,,
4199f95d-1652-4cb8-8086-fd56654d2d03,amitotic.bayern,available,46,1,8,,,
423cffb1-0040-4c13-ad43-6c7c93e5e863,ammino.bayern,available,50,1,6,,,
fec1ca94-2f14-404c-ba7d-a6c40eee36c7,ammoniac.bayern,available,64,2,8,,,
52c95ebe-cd5e-4734-8463-c49baa16da5c,ammoniacal.bayern,available,46,1,10,,,
daadaeca-1049-4c1c-b8e5-476d81007a82,ammoniated.bayern,available,46,1,10,,,
582c34cf-8a6f-4e4e-b0af-ffcf6d6025a8,ammonitic.bayern,available,46,1,9,,,
563498b1-9eea-4fc5-86fa-b1a131983e7a,amnesiac.bayern,available,50,3,8,,,
3e0638d5-c8cc-48a3-b470-c46ca6836f62,amnesic.bayern,available,68,3,7,,,
1898ebf0-3cd0-422a-adae-ca0175db4559,amnestic.bayern,available,64,1,8,,,
781a5d1b-0192-4eed-8382-adde515dfaf7,amnic.bayern,available,50,4,5,,,
6ead3714-04f3-439a-91dd-0cae348778d8,amnionic.bayern,available,46,1,8,,,
fb6adf48-b904-4b15-a5f1-afe9934cb7b2,amniotic.bayern,available,46,2,8,,,
ff8c1c7a-ca0d-4ec0-be90-20128d728f29,amoeban.bayern,available,52,1,7,,,
8f80099d-7da4-452c-8437-542a0d0a315f,amoebic.bayern,available,56,2,7,,,
cf70b49d-42b9-48b3-8e5f-0295254bdf2b,amoeboid.bayern,available,70,1,8,,,
da62a622-168e-4074-b426-40c7c9a0d120,amoebous.bayern,available,48,1,8,,,
b8855506-a3dc-4d2d-aae9-6ababcd7a1a8,amok.bayern,available,81,11,4,,,
a25cbde3-c325-4198-9f5a-63a525fe5257,amoristic.bayern,available,46,1,9,,,
73acf8ac-ab8d-4f27-baff-32ef66db18c4,amorous.bayern,available,72,6,7,,,
615dcbab-5f8c-4b20-bfdc-652cf3366901,amorphous.bayern,available,50,6,9,,,
7fee3edf-cddb-43c5-8e38-6e6e62ed6cea,amort.bayern,available,48,4,5,,,
4e4b3f39-5ec3-484c-b492-a6dc8c1d2088,amphibian.bayern,available,68,8,9,,,
c31bc026-8400-40c4-b1ec-22397d615175,amphibious.bayern,available,50,4,10,,,
9ba14c2a-eab0-4ae2-8438-940b6d5dfaa0,amphoric.bayern,available,46,2,8,,,
43ad221c-c024-42ae-902b-c0520c7fa14e,amphoteric.bayern,available,46,1,10,,,
8b969cab-8255-46f9-9410-839b93bb22b2,ample.bayern,available,60,20,5,,,
4e7af220-7196-43ed-b124-b20317127da9,ampullar.bayern,available,46,1,8,,,
1d7293a2-8ac5-463f-a6d9-0995f711e1bc,ampullary.bayern,available,46,1,9,,,
1a565e0c-a411-4695-8b0d-46903a2770dd,amuck.bayern,available,61,2,5,,,
31b6c382-f937-407f-9981-5605de1b04ce,amused.bayern,available,66,5,6,,,
574bb617-9423-4fc8-b722-839585c67a9f,amusing.bayern,available,66,7,7,,,
cf8c81cf-1f3b-419f-a3a4-a8df7f1bca16,amusive.bayern,available,62,2,7,,,
bda2d360-91b5-4ce1-b6d4-13ef9265ab3a,amygdaline.bayern,available,64,1,10,,,
0b761d38-a877-4ce2-a2c4-b6f8dbee401f,amygdaloid.bayern,available,64,1,10,,,
fcb0eb2d-a205-4d1f-836e-101378bad22f,amylaceous.bayern,available,46,1,10,,,
c827ffc7-cb12-4d81-a622-1ad3c9af5b9f,amyloid.bayern,available,68,3,7,,,
84e49ef5-334c-4265-8aa3-788cc5d4020c,amyloidal.bayern,available,46,1,9,,,
499fe6df-0cb1-4ddc-94dd-aa42807c7c46,amylolytic.bayern,available,64,1,10,,,
66669899-c811-49c3-82f9-f92ef831b927,anabatic.bayern,available,64,2,8,,,
99909b71-644d-44aa-8758-7236d05dd609,anabiotic.bayern,available,64,1,9,,,
a4816324-78f5-467d-954d-bda46e25c815,anabolic.bayern,available,68,6,8,,,
66ce413f-db41-41e8-ae3b-ecb8a4bf8c1e,anachronic.bayern,available,46,3,10,,,
f6842e61-3847-4914-b143-105e16b68d1e,anaclinal.bayern,available,46,1,9,,,
c19c0238-8d86-4424-b6a7-6c1950d12462,anaclitic.bayern,available,46,1,9,,,
c04fc3b0-81f1-4609-968f-ae751d2bd74a,anadromous.bayern,available,46,2,10,,,
13b6b57d-09d1-4c5b-b751-8101947cd3af,anaemic.bayern,available,72,2,7,,,
044d9834-a7df-47ca-9069-abd0360efcba,anaerobic.bayern,available,50,1,9,,,
e569338e-5ce6-4cd6-bcb7-7bc1c562f35b,anaglyphic.bayern,available,64,2,10,,,
fbd00c27-7abb-4afd-ae07-5d0fa623ee1f,anaglyptic.bayern,available,46,1,10,,,
7ef3fd67-d8c6-45b9-a974-5ace9faea3a3,anagogic.bayern,available,46,2,8,,,
5379b90a-17a7-4ed8-bdaf-ef71d43dca7b,anagogical.bayern,available,46,1,10,,,
10ea61df-bd98-4030-865c-685bbc9aaf82,anal.bayern,available,68,21,4,,,
32139498-508d-48ac-be34-2cf23ef11613,analeptic.bayern,available,64,1,9,,,
ffb0b308-630a-4b50-a3b1-00c87e38b6c0,analgesic.bayern,available,68,2,9,,,
cfb86bc5-9d7f-4a4e-b035-da6b9929840e,analgetic.bayern,available,64,1,9,,,
9f38c1b8-7d96-4518-8586-182b5f64f08b,analog.bayern,available,72,37,6,,,
d3a97ebf-f118-4883-8408-33522ebb4850,analogical.bayern,available,46,3,10,,,
d1343937-1f64-44a4-8884-06a94365b963,analogous.bayern,available,50,3,9,,,
d9ede234-39cb-4569-9d0e-85d94b6d6670,analogue.bayern,available,68,18,8,,,
49fddaf4-bd6c-4930-aa22-df13aba54077,analphabet.bayern,available,64,1,10,,,
759ceafb-3fa8-4816-8baf-70a5d89f3bb1,analytic.bayern,available,50,14,8,,,
d124aedc-dede-4ad0-b874-6ffb968c1131,analytical.bayern,available,50,8,10,,,
6cd63b8b-36d6-4200-a2fb-5e919b474634,analyzable.bayern,available,46,1,10,,,
8efa7956-7f4d-4bd4-8ae3-bce54dfdf3a7,analyzed.bayern,available,46,4,8,,,
f9b7648f-5419-4c48-a0fd-d2bf0460af4b,anamnestic.bayern,available,46,1,10,,,
832ced98-eaea-4c8c-aa3a-ac15467e5239,anamorphic.bayern,available,46,4,10,,,
4d5dd936-17fb-4e2e-8859-81f3c9ee12af,anapaestic.bayern,available,64,1,10,,,
7e418ba0-d005-47a8-b1f5-d89bbd252870,anapestic.bayern,available,64,1,9,,,
e3cb824f-60e8-4c2f-af68-d8fb32b9eea3,anaphasic.bayern,available,46,1,9,,,
3588120b-3cf2-404b-a0bd-7647e9e8c248,anaphoric.bayern,available,41,1,9,,,
98ff18eb-c9e5-4f3e-880b-68cd0558704b,anaplastic.bayern,available,46,1,10,,,
3383bedf-a6d1-411d-8cbf-698def2d94bd,anarchic.bayern,available,40,2,8,,,
f859ad2c-0974-41bc-b965-4de5808c9d4a,anarchical.bayern,available,40,1,10,,,
dc489aff-d26e-46b6-a7ff-485f3d3138ec,anasarcous.bayern,available,46,1,10,,,
7bff7706-2466-4c5e-9d17-9965a9909ff5,anatomic.bayern,available,46,4,8,,,
9fe228c3-bde5-4297-9258-58580259a000,anatomical.bayern,available,46,3,10,,,
8d9d5cdf-3d02-4434-8c91-2c31fccb8635,anatropous.bayern,available,46,1,10,,,
ffbde1a7-9f16-4dc0-8abb-9f8e37a77734,ancestor.bayern,available,90,8,8,,,
4cb9bb68-7adf-4c0c-adc1-ff824f1ee526,ancestral.bayern,available,80,14,9,,,
58e2181b-9a68-43cf-8b5f-0b945fcfc129,anchoritic.bayern,available,46,1,10,,,
229e2e68-c3a7-46f6-8bed-b7eb75b2325f,ancient.bayern,available,92,18,7,,,
bf01018a-02a8-4381-ae70-6466bc35529a,ancillary.bayern,available,76,7,9,,,
dc668569-01e3-4a45-927e-35e2cfbcd906,andalusian.bayern,available,72,3,10,,,
5f988eab-ba8f-49b7-841d-cfca2e185abb,andante.bayern,available,78,9,7,,,
e0fbca82-72c3-4317-bf33-4d65aaa717ae,andantino.bayern,available,60,3,9,,,
90b29ad2-678f-49a3-9113-0f2c8fb67f3b,andean.bayern,available,76,6,6,,,
8aff0a00-bce6-474a-b287-50497c5c2af5,andorran.bayern,available,72,1,8,,,
43fab2db-ee95-41ae-b682-3fd32a2839df,androgenic.bayern,available,50,1,10,,,
a9fc54f3-a15d-4ca7-8882-bd8a959459dc,ane.bayern,available,68,12,3,,,
728add4c-a712-4ef9-8090-6b230140b7fb,anecdotal.bayern,available,56,10,9,,,
e98f0cdb-9fa7-459d-9ca5-8f8e482d9a1c,anecdotic.bayern,available,50,1,9,,,
90b2949e-79f1-45d3-b1b3-8779e5cd8271,anechoic.bayern,available,50,2,8,,,
2aec5ced-72c2-42fb-aa49-4378d2869ecc,anemic.bayern,available,72,3,6,,,
27b18061-1934-48fe-ae69-44b4d663bf5a,aneroid.bayern,available,72,5,7,,,
072a97f5-c78e-4a56-972e-a9d7b80d1931,anesthetic.bayern,available,68,1,10,,,
edc09f66-3f03-4bcc-9e63-a8dfaebf436b,anestric.bayern,available,48,1,8,,,
1ab81f41-5005-42fd-b231-4ec2cf901ff7,anestrous.bayern,available,48,1,9,,,
aab645cc-3c62-4f98-a11b-d8c9da3ea6ce,aneuploid.bayern,available,59,1,9,,,
460a757d-50cd-40cd-833d-98040399fcc7,aneurismal.bayern,available,50,6,10,,,
2bf0bb81-6d91-436f-b675-31636336d5e8,aneurysmal.bayern,available,50,2,10,,,
c9135b6a-5c11-46a3-974b-f6373e46d1d3,angelic.bayern,available,80,13,7,,,
b6e60348-d6b0-4156-ba92-2ff268dc958c,angelical.bayern,available,68,3,9,,,
9d0b5f70-6ab2-48fc-a7c2-138eeee72c9f,angered.bayern,available,52,4,7,,,
e4cf9185-8c5f-4f6d-b2a9-52390cdc80e1,anginal.bayern,available,54,1,7,,,
99c4d810-d3ef-4edf-9029-c8921882e2ee,anginose.bayern,available,50,2,8,,,
89bf38ca-6c31-42bc-b40a-48c3a2d7eafe,anginous.bayern,available,50,1,8,,,
b01ddb1b-e106-445b-b3d3-60456d5fa864,angled.bayern,available,58,4,6,,,
c411dc75-0ab1-4a9b-b515-1236c3a1c031,anglican.bayern,available,72,10,8,,,
c49714de-8c1e-40bc-9300-7388fb09c29a,angolan.bayern,available,76,3,7,,,
26bd7594-5c85-45d6-bc4b-dc123ff8b5a2,angry.bayern,available,72,18,5,,,
f8ec4933-1877-4f81-b48b-cdfc628110ee,anguillan.bayern,available,72,2,9,,,
071035de-1c33-4472-911d-eb2e9360da4d,anguine.bayern,available,45,2,7,,,
ac9147fe-994d-4b64-8b20-8a4b95e90d65,anguished.bayern,available,48,2,9,,,
e95f572c-92a6-4ce0-baaf-d463fec67c3e,angulate.bayern,available,74,1,8,,,
f19b80c2-f5b1-4924-8003-4d1eb2bd6276,anhydrous.bayern,available,44,2,9,,,
587e455b-d322-4b2e-a1fc-a6137d5b68ab,anicteric.bayern,available,50,1,9,,,
386d0772-4964-4766-b971-3c067c5952a6,anile.bayern,available,72,1,5,,,
a77b1f9e-d169-436f-88c4-8d9f4e5a8c1d,animal.bayern,available,92,27,6,,,
162eea0a-5531-49b2-9e23-35258acd676f,animate.bayern,available,88,14,7,,,
0cba9de7-e328-4ce7-989b-6ceacdab5585,animated.bayern,available,76,10,8,,,
c3c1591e-d1a1-4f48-b1ca-95fe7797efac,animating.bayern,available,72,2,9,,,
6fa42074-13e4-4834-b25c-5b87d89c3c40,animist.bayern,available,62,5,7,,,
b280e74e-6e81-4ab6-bbec-254f85f824a2,animistic.bayern,available,54,3,9,,,
4568253c-62cb-4624-9c73-154079e08a04,anionic.bayern,available,63,1,7,,,
bf698ae0-5966-4af8-9454-ef6dcd06329c,anisogamic.bayern,available,41,1,10,,,
cde5b3fc-0e9b-4bde-9a2e-1960e0474134,ankledeep.bayern,available,54,1,10,,,
70d2e7f1-af48-4c2f-99ab-a0a023f97d7d,ankylotic.bayern,available,50,1,9,,,
07aedf88-ba4c-4c0d-b900-5d5074f811ea,annalistic.bayern,available,47,1,10,,,
4d29002e-7b22-4d39-907a-1309b028188a,annelid.bayern,available,63,2,7,,,
b991d810-7d8a-4e25-a446-7164275762f5,annelidan.bayern,available,59,1,9,,,
01b2e76f-c5e3-45f9-8781-df8ace810ead,annexal.bayern,available,60,2,7,,,
be4f8d77-47a7-474e-bd1d-1e4a8066376f,announced.bayern,available,64,4,9,,,
9144f24f-f366-4066-b2dc-cd1799b84453,annoyance.bayern,available,54,2,9,,,
29634671-d888-4c24-be49-9ec2b7f0080e,annoyed.bayern,available,58,4,7,,,
9e27b249-b311-4369-a037-9543b40a4d0d,annoying.bayern,available,72,8,8,,,
fc8f0795-01a6-42b6-a40e-2c00a1fd1e4c,annual.bayern,available,92,6,6,,,
2d49f7f1-9e55-40c2-9c41-79641912038b,annular.bayern,available,54,3,7,,,
4801643f-f470-4de9-ab69-d25b4325b955,annulate.bayern,available,68,1,8,,,
b33cec27-176e-4e42-8a60-16da148b087d,annulated.bayern,available,50,1,9,,,
8fa2e56a-bba9-45d9-b7b1-f2e7b279f61f,anodal.bayern,available,60,2,6,,,
c6d4d815-4ac9-4a46-be58-4cb49e4474e3,anodic.bayern,available,60,2,6,,,
59c1ccc8-02c7-4b95-8854-1cce2fca23e7,anodyne.bayern,available,72,9,7,,,
e68f1c76-8c9a-4ec8-89ba-721beada5ef8,anoestrous.bayern,available,41,1,10,,,
4f0cc832-8452-4913-9733-350093caacf5,anomalous.bayern,available,58,11,9,,,
f1fd2b67-1603-42d5-8c8c-83aeab1dc5da,anomic.bayern,available,41,4,6,,,
76f7f801-5914-459f-b810-96c92b4f2191,anonymous.bayern,available,66,30,9,,,
99fff7be-fd76-4c16-8c85-fcd13816c374,anopheline.bayern,available,70,1,10,,,
bab7a9ef-c00d-4a06-bdec-1e916c2627d8,anorectal.bayern,available,50,1,9,,,
63ae1b2f-a366-43fa-b227-743a4b1396d7,anorectic.bayern,available,70,1,9,,,
3a93d585-a50c-421d-9761-b26b977c71c5,anorexic.bayern,available,70,2,8,,,
b005a4e3-2bc1-452e-83f2-2a0bf04c7316,anorthic.bayern,available,50,1,8,,,
dd6c2ce5-8ebe-42be-906e-76983b840975,anorthitic.bayern,available,50,1,10,,,
b7c1a82e-d4bf-4876-bd3a-d77c9d937aa6,anosmatic.bayern,available,44,1,9,,,
867e29d3-c66c-4a32-9e63-c221cac91e02,anosmic.bayern,available,66,3,7,,,
5623600b-a0c7-4c7d-9da2-b921b4dd70f6,anoxemic.bayern,available,44,1,8,,,
7c116228-b92b-4d74-ae20-fa340aeda3dc,anoxic.bayern,available,48,2,6,,,
32482ec6-cf00-4deb-afc2-f944eb7cdb05,anserine.bayern,available,68,1,8,,,
80825a01-adc6-4acc-b810-43bfb9293e38,answerable.bayern,available,70,2,10,,,
99ee9c09-73bc-4a26-90bd-42847f4cb35e,answering.bayern,available,74,4,9,,,
54127174-f5dc-4cb2-8ef9-f913a82f8967,antacid.bayern,available,88,2,7,,,
01225271-0088-47be-bfa6-7e9dcc29ecfb,antarctic.bayern,available,66,8,9,,,
1fed764c-bae9-4cd1-8337-bc07f958f343,antebellum.bayern,available,56,3,10,,,
84c9a816-be1c-4d15-aa25-3d2c3ebc7491,antecedent.bayern,available,78,4,10,,,
2a0661a2-b7ff-4dc2-9425-a37a289db5ef,antemortem.bayern,available,64,2,10,,,
c1597207-5ee1-4d77-8583-7d295025a77a,antenatal.bayern,available,70,2,9,,,
13cb7f47-d382-4ef8-a0a2-3be5e3e0909e,antennal.bayern,available,56,1,8,,,
91ef5a8f-99f0-4fe1-8020-7aa81ae66298,antennary.bayern,available,56,1,9,,,
fb43dcd8-9c11-4786-baf6-04a6a871a966,antepartum.bayern,available,70,1,10,,,
c8c6c10b-669d-40df-bf4c-4646375775cf,antepenult.bayern,available,50,1,10,,,
02ac9577-20c9-4b11-9db6-892e760964e7,anterior.bayern,available,60,3,8,,,
c2e6db1e-260c-4cee-9a02-ccd50bbdcc99,antheral.bayern,available,50,1,8,,,
0abd4859-915e-408e-9e01-f49e42f8593c,anthropic.bayern,available,49,15,9,,,
17ed6734-9fd4-451c-855c-acecacc6f143,anthropoid.bayern,available,74,3,10,,,
09f179aa-8b66-43ab-bff1-7a528ea6e0ca,anti.bayern,available,82,29,4,,,
ec699989-2ebf-4479-932b-f5a5b0e4875a,antiacid.bayern,available,70,1,8,,,
2742125f-5504-47ef-960d-7f94863bf850,antibiotic.bayern,available,88,5,10,,,
820945c2-1491-48af-b142-6a3fe648a2cd,antiblack.bayern,available,36,2,9,,,
983a622a-6060-4434-8de7-89b494c14372,antic.bayern,available,92,8,5,,,
071cf341-e6f1-4820-b0ee-8fa746dcf463,anticancer.bayern,available,70,5,10,,,
1d4a5660-c924-4c83-bf0a-dcb92c6fe57f,anticipant.bayern,available,60,1,10,,,
3153a912-83be-4c9f-bd0b-e9e2f5a5d45c,anticlinal.bayern,available,68,1,10,,,
508472ef-0f9c-44d3-b1f8-8fac03797651,antidotal.bayern,available,56,2,9,,,
7f5b6fce-9a19-4cbd-bc5c-1b6e33b18381,antidromic.bayern,available,50,1,10,,,
8db71d33-9f20-4950-b2d2-3377d575db3c,antifungal.bayern,available,74,3,10,,,
23846af0-3167-4da0-b8b8-baf9badc0c19,antigenic.bayern,available,56,3,9,,,
88dbc430-21ac-4f84-9fcb-7c3709183dfc,antiguan.bayern,available,74,1,8,,,
2fbe3905-878c-41af-b2d9-600474f90cec,antiknock.bayern,available,74,1,9,,,
8aa61297-3d36-49db-a586-a77a681ceaab,antimonial.bayern,available,64,1,10,,,
7c8bc695-74dc-4290-a43b-44f2b8635ad3,antimonic.bayern,available,46,1,9,,,
fdc4ffe0-69c6-44a7-805e-830880e45f69,antinomian.bayern,available,64,1,10,,,
b4fa2f1e-ceab-42a9-b9e4-6f7de83492ab,antiphonal.bayern,available,64,1,10,,,
5735016d-1267-484b-948e-e64fdced2659,antipodal.bayern,available,64,2,9,,,
9d72828b-3839-4044-9056-77f32767cafb,antipodean.bayern,available,64,4,10,,,
973ca91e-a079-4328-a728-35935eb94df8,antiquary.bayern,available,68,2,9,,,
968e1b05-a100-42a8-b41b-fc9190c52e59,antiquated.bayern,available,58,3,10,,,
613b18ac-5475-49b2-a2a3-783086810caf,antique.bayern,available,72,14,7,,,
865fe7c0-112b-4f66-86ff-42f9c5280964,antiseptic.bayern,available,88,2,10,,,
de226dfa-dda1-42fc-9896-08e964d2ac4a,antisocial.bayern,available,59,14,10,,,
a960a272-2e55-4fa4-9e52-6080470cfab9,antitank.bayern,available,46,1,8,,,
7ef6f4b6-f412-45f7-8419-e0c8c6de1a8c,antithetic.bayern,available,68,1,10,,,
64400f54-6d10-4c03-b3cd-147070024ab1,antitoxic.bayern,available,46,1,9,,,
96c0367d-dd99-4f61-9b97-ec854c9a2636,antitrust.bayern,available,54,6,9,,,
99257fdf-e29f-4733-9352-4a062e5f4987,antitumor.bayern,available,88,1,9,,,
2a887299-86b6-424e-85b3-e3c3f2072d6c,antitumour.bayern,available,70,1,10,,,
6f7e3141-1de1-4672-b6c1-d02396ea72cf,antitypic.bayern,available,46,1,9,,,
630e74bd-afee-4f4d-b8be-71b60499736c,antiviral.bayern,available,76,4,9,,,
fded8d23-d7fa-463f-ac5f-68e878de1bbb,antlered.bayern,available,47,1,8,,,
a3aa3616-7fa9-49e9-9ae7-ee67c589ee5b,antonymous.bayern,available,46,2,10,,,
e6543b46-1211-4733-8118-6a0e501e208c,antrorse.bayern,available,41,1,8,,,
43fbdaf3-f491-4230-af2b-99d8cd603672,antsy.bayern,available,53,4,5,,,
efbd445c-3d96-46c5-a54a-1cdf5103fa4d,anuran.bayern,available,63,2,6,,,
1d60bd4b-2f76-4994-aef7-3c36e40c573e,anuretic.bayern,available,46,1,8,,,
ee294464-0ea7-4cfa-89a7-83b113c5ac65,anuric.bayern,available,50,1,6,,,
96e7952a-14b9-4a1e-b8bb-83f16c924b21,anurous.bayern,available,50,1,7,,,
857d2c35-386d-43c8-9734-978de4e7e9cc,anxiolytic.bayern,available,80,1,10,,,
5fb2a08f-ba2c-455d-bacc-dd947cadaf50,any.bayern,available,80,38,3,,,
a193288e-6376-4bfb-8803-558a1613e7f8,aone.bayern,available,56,16,5,,,
5a25ce2d-f063-4ab7-bc93-672e7d26ec90,aoristic.bayern,available,46,1,8,,,
b975f251-e523-46ec-b611-30e44cd95081,aortal.bayern,available,50,2,6,,,
3895a99e-1fce-44c8-8cbc-0104c9b2a393,aortic.bayern,available,54,3,6,,,
fad859d7-7df2-4d77-84d6-91a1a0749455,apart.bayern,available,78,13,5,,,
7d040d05-51c3-48d3-aeb9-60b87cf55873,apathetic.bayern,available,41,3,9,,,
c21e3675-2584-4252-bb96-2826513061a0,ape.bayern,available,64,39,3,,,
b73d2778-eda9-4857-aabb-b14b4228e55a,apelike.bayern,available,60,2,7,,,
1f395147-97f9-4fb6-a8cc-5341fc6e4d89,aperient.bayern,available,64,1,8,,,
385db4c9-6299-456c-be34-d9d346e87a2a,aperiodic.bayern,available,46,2,9,,,
f81b239b-f405-4280-b231-1a1e288e0e81,apetalous.bayern,available,41,1,9,,,
8ee553c1-26b2-4d17-a951-1b73a4170daf,aphaeretic.bayern,available,45,1,10,,,
cf38cace-b2ca-4653-a4f1-1e3b0e9ae90d,aphakic.bayern,available,68,2,7,,,
3e4f049d-5b55-41a5-b595-cee3a7cf66fa,aphanitic.bayern,available,45,2,9,,,
fe84afe1-18af-4b02-906a-051ecb89236f,aphasic.bayern,available,68,2,7,,,
4b654fa0-675a-423c-ab3c-b507f13c500f,apheretic.bayern,available,45,1,9,,,
924171a1-fbbe-469d-b553-135652a2b4b7,aphetic.bayern,available,49,1,7,,,
a6afd06b-b588-4b0e-b9f3-370637685224,aphonic.bayern,available,63,2,7,,,
2adae021-5eee-441f-8579-a3e392ee29b1,aphoristic.bayern,available,47,1,10,,,
44bf0c9f-c863-492c-8dda-db10545b4911,aphotic.bayern,available,45,4,7,,,
5f46d236-d7dc-4c2d-9b27-ec5f1ba1fbe1,aphyllous.bayern,available,41,1,9,,,
0f82d0df-e2fe-426f-9c76-721db6c3bd21,apian.bayern,available,69,4,5,,,
c6874f50-0fd5-476a-a7cd-9f65614e6e8c,apiarian.bayern,available,64,2,8,,,
ee54d170-607f-478e-a775-9bebb7c667fd,apical.bayern,available,72,5,6,,,
b9a94f35-0008-4196-b438-65ae01c967f4,apiculate.bayern,available,41,1,9,,,
64096b71-1cec-4588-ab62-df403b4447d1,apish.bayern,available,54,2,5,,,
97172f9d-6465-48e4-9206-55ae910049ef,apivorous.bayern,available,41,1,9,,,
bbbe729f-7ffc-4c1d-afe6-da340a38f8a4,aplacental.bayern,available,46,1,10,,,
b3d394f4-915c-462f-9310-c46d6cf782a0,aplanatic.bayern,available,41,1,9,,,
f1684aeb-e27d-428e-9a12-b25039742178,aplitic.bayern,available,49,1,7,,,
1f6339ba-e36f-4e35-98e9-8918cf18931d,apneic.bayern,available,50,1,6,,,
7e032f1a-fd0d-469b-9af1-94a92c417ebd,apnoeic.bayern,available,50,1,7,,,
b2d7205b-f782-463c-b793-2ae6d3fc9ce1,apocarpous.bayern,available,41,1,10,,,
2df5f963-2e55-43ec-a19b-d2e799cf5a16,apocrine.bayern,available,46,1,8,,,
b25b76ee-d376-4f76-a4e4-c1211aa4a757,apocryphal.bayern,available,54,3,10,,,
e0a3f4e4-141b-4642-b300-dda14ce82c26,apodal.bayern,available,63,1,6,,,
2bc365e8-ee7b-42e5-8113-dfcfe0c76f3c,apodeictic.bayern,available,45,1,10,,,
5fdb63d2-57b2-4ea8-b73b-c6f7634da821,apodictic.bayern,available,45,1,9,,,
9a767f06-2a36-4ec8-84be-813a5fd4cea7,apodous.bayern,available,45,1,7,,,
dbf9bb87-98b2-419d-ae3c-c7c8bc36f876,apogametic.bayern,available,41,1,10,,,
613400bc-caa9-4cb6-beff-200906ec6ec6,apogamic.bayern,available,41,1,8,,,
efd7d84d-329d-4104-bce3-9d9fc6558704,apogamous.bayern,available,41,1,9,,,
ea04b589-6056-4766-aef1-2bb30b3da9ea,apogean.bayern,available,50,3,7,,,
adffcea8-8d8c-430e-83cd-1404d8e82e02,apolitical.bayern,available,72,5,10,,,
17825098-f841-4202-ad87-5afa500be725,apologetic.bayern,available,58,2,10,,,
3d380bf3-d6f8-4b55-92f3-ce911283dc01,apomictic.bayern,available,46,1,9,,,
405eb3db-04bf-445e-8a75-7abde70e0b5e,apopemptic.bayern,available,64,1,10,,,
22878ecb-e68b-4b2c-9a9b-79c9c07db11a,apophatic.bayern,available,46,1,9,,,
ec213b17-d7ba-449a-a481-6541ece07595,apophyseal.bayern,available,43,1,10,,,
dc194241-48df-41f4-a0bd-203f19907d61,apoplectic.bayern,available,64,2,10,,,
a12d815f-8313-41b9-9eed-b4600b150fe1,apostate.bayern,available,60,4,8,,,
90311aaa-724d-4263-b7f3-5474242a2241,apostolic.bayern,available,47,6,9,,,
7c14a68c-0d87-43cf-9e01-2ec2bc26ffba,apothecial.bayern,available,43,1,10,,,
047b4a73-7dae-4fae-a8c3-c39c78590811,apotropaic.bayern,available,59,1,10,,,
b14e411f-3034-4804-bd22-54c6374a99a6,appalled.bayern,available,52,1,8,,,
85878228-904a-4fb7-a8c3-c50e6c334424,appalling.bayern,available,50,2,9,,,
26d032b5-0ef9-437c-8017-9f51720a0df1,appareled.bayern,available,46,1,9,,,
9e826f9c-a918-4822-994a-066abe7a7915,apparent.bayern,available,58,6,8,,,
b148c943-e410-4d28-b20d-50b1075e5ea7,appealable.bayern,available,46,1,10,,,
3ea53de7-be34-462b-8123-92fb9bab2562,appealing.bayern,available,78,3,9,,,
148999de-81b7-44b2-92ed-d4edf461225a,appeasable.bayern,available,46,1,10,,,
84d9d8cc-2073-4f1b-a746-cea893ccff30,appellant.bayern,available,64,2,9,,,
612d82ac-03a2-4c94-860c-c9ed9196a53f,appellate.bayern,available,50,5,9,,,
1e06ba55-e0ce-4884-9244-db6a7bef88b3,appendaged.bayern,available,43,1,10,,,
2c035b11-aa54-48e8-8098-586b4cc968f5,appendant.bayern,available,61,1,9,,,
2a27e9d9-60c8-4ee0-9c32-b7199923ac28,appetent.bayern,available,47,1,8,,,
f25040f5-450b-4175-8ff2-5ff9ad16a4de,appetising.bayern,available,62,1,10,,,
4385b0f5-5086-4d91-a903-95b817def20c,appetitive.bayern,available,47,1,10,,,
67afeb93-9fd8-4ce8-90a6-21105dd0512d,appetizing.bayern,available,80,3,10,,,
276891fe-97ee-4778-815a-fb39900a373b,applicable.bayern,available,54,5,10,,,
5e2121d2-f3c7-401b-a6a0-045cb6d676f3,applied.bayern,available,58,17,7,,,
2d2684bc-5214-4e2e-8241-409d3236ba5e,appointed.bayern,available,50,4,9,,,
02aa3a88-d7b7-4505-9396-35fa878d6e06,appointive.bayern,available,46,2,10,,,
db2d9606-696c-47d7-ae9f-2c6eebbd90eb,apposable.bayern,available,43,1,9,,,
c1bf71a5-2256-438c-883d-6a70d4e9619d,apposite.bayern,available,68,5,8,,,
02da971d-ba22-4a7c-810d-bb5b3e1527c9,appositive.bayern,available,63,1,10,,,
543ae23a-bfd1-4bf4-8ba7-73a2a146d8ba,appressed.bayern,available,56,1,9,,,
8c750692-1aa2-41a4-92c2-d46748fd0801,approach.bayern,available,78,13,8,,,
97e2065e-61ab-45b1-aa38-0574c0b6688c,approval.bayern,available,64,8,8,,,
47b0e6c9-898e-45d3-a8d2-c7a58c7b95e2,approved.bayern,available,58,18,8,,,
ad28e4ea-32b0-4e0f-9b1e-e792423eabfc,approving.bayern,available,54,2,9,,,
dcc25544-fdf9-4dc9-9b9b-153d4af12cc9,apractic.bayern,available,43,1,8,,,
1a47cb5d-a1a0-471b-8e38-3268d05809bc,apraxic.bayern,available,47,1,7,,,
6fa663be-1331-4978-8c56-217ae3da011e,apriori.bayern,available,48,14,8,,,
a603b47c-6aa9-43b0-bbad-0016ab4c7804,apropos.bayern,available,60,11,7,,,
c604f7d3-e84f-4871-a769-08a9c85733c2,apsidal.bayern,available,47,2,7,,,
d411afb6-db8d-494c-819d-ea6ffd20e623,apt.bayern,available,70,29,3,,,
f4eb6340-c24c-4018-b41a-7dc50b7bd7b8,apteral.bayern,available,47,1,7,,,
c58ae566-f0a8-4e0f-bcc5-50559a1139c7,apterous.bayern,available,43,1,8,,,
c338409f-afe8-4dbc-93fb-9f3b89b7279c,aquaphobic.bayern,available,56,1,10,,,
3e8ff09f-f9d2-4b1f-8756-b124aa9c1cc9,aquatic.bayern,available,76,13,7,,,
1ddff288-d14a-41de-9f57-e3858c0dde70,aqueous.bayern,available,54,6,7,,,
51f42c61-2336-41a4-a1ce-322498b5add0,aquiferous.bayern,available,43,1,10,,,
d85bb0c4-fbd5-4725-a2f7-2286983cf5e5,aquiline.bayern,available,46,3,8,,,
99bed489-9a09-4e5e-b932-96135a26c65d,arab.bayern,available,58,29,4,,,
283aaf97-313d-4c31-bb33-90ea8f61cf14,arabian.bayern,available,72,16,7,,,
ea512638-16f2-4d89-9711-cc85906dfc46,arabic.bayern,available,96,18,6,,,
72e5579c-ce12-40ed-bc08-205b483d3967,arable.bayern,available,54,4,6,,,
7e1c76cd-4a01-4116-941e-90d9e14a728b,araceous.bayern,available,46,1,8,,,
537e135f-11ac-443f-a7be-3d06f17c0531,arachnoid.bayern,available,64,2,9,,,
8285ed64-be29-47c2-baca-88b6282a089f,aramaean.bayern,available,74,1,8,,,
e0220294-62a7-4424-873f-e36a477091fe,aramaic.bayern,available,78,3,7,,,
674ddf02-cb0e-4376-8e95-b75688222ff3,aramean.bayern,available,78,2,7,,,
08724868-a481-46a2-9911-3704ee78e03e,araneidal.bayern,available,46,1,9,,,
1fecb803-e529-4362-bfc6-2a9eff83474a,araneidan.bayern,available,50,1,9,,,
3276a1a3-5d46-479f-a7b0-4fdba9b1441c,arawak.bayern,available,78,5,6,,,
ec76ac70-bb4b-4675-bbec-fc4d7429ed64,arawakan.bayern,available,46,1,8,,,
172b0e67-9638-45d0-b762-cf97a020afb1,arbitrable.bayern,available,52,1,10,,,
91ba8afc-c565-409e-ac32-923f5caa065e,arbitral.bayern,available,46,2,8,,,
1462c01d-b1ed-4a36-944f-2a084380b220,arbitrary.bayern,available,64,9,9,,,
586e53f9-f538-49d4-8705-61de19f2b61d,arborary.bayern,available,52,1,8,,,
facb93b0-295f-46c5-8cf2-b0631c3d1bf2,arboreal.bayern,available,76,7,8,,,
e3800c16-251b-4b90-9b4c-ca70d96c5b5a,arboreous.bayern,available,50,2,9,,,
41bfcb00-dc64-4c8a-8931-86e117cccdb1,arboresque.bayern,available,52,2,10,,,
7f197a48-9df3-44e5-bdc9-7e048271ef8f,arborical.bayern,available,52,1,9,,,
f03328fa-2a7c-4c72-8ef0-d847ed0de63d,arboriform.bayern,available,52,1,10,,,
cc5668df-b58c-42cc-9ac9-abba605c3af9,arborous.bayern,available,52,1,8,,,
9ab0e6df-c877-484a-b0b6-f69eeacaf3d3,arc.bayern,available,56,53,3,,,
a384aac7-bc30-46ba-89ec-58e9e369d1d8,arcadian.bayern,available,76,10,8,,,
29ea87d5-42e7-4e2a-85c0-80af8b97ee20,arcane.bayern,available,54,29,6,,,
a0ae877d-0480-420f-8674-c384c679604d,arced.bayern,available,50,3,5,,,
083b0c3c-92d9-45c1-8fca-f2baa9115183,arch.bayern,available,64,34,4,,,
5476339d-1ff5-4fd3-a90e-6232a493b132,archaean.bayern,available,50,1,8,,,
6d7ece56-5026-43be-91f7-928a6b1ceaf0,archaic.bayern,available,76,9,7,,,
c98548f6-d45c-4516-a181-1a020b7a08e8,archaist.bayern,available,50,1,8,,,
67dde16d-3320-4061-a2b1-f91eaa9dee2a,archaistic.bayern,available,64,1,10,,,
e3e8e215-524a-44c1-a18e-4fc3393974a4,archducal.bayern,available,45,1,9,,,
b1c34096-3022-4c4f-8447-729bd2310fc0,archean.bayern,available,60,4,7,,,
38c91653-5fc7-402f-a9f4-e71ea4336244,arched.bayern,available,51,3,6,,,
5056ed08-a0be-4d1d-b4cb-9fc39f066a39,archeozoic.bayern,available,56,1,10,,,
d6cfb5d8-7212-4132-96e1-2a436a775d13,archetypal.bayern,available,56,4,10,,,
d29de646-bdee-42c1-b2b0-5da80aee7025,arching.bayern,available,68,2,7,,,
5834c8f3-c3c6-4562-afc9-6c15db309907,archival.bayern,available,64,10,8,,,
e9ad7198-5185-4e01-8b1c-5361a2a267c4,archosaur.bayern,available,50,2,9,,,
7a41cf05-7d00-49f3-b6cb-9d36ce8825e3,arciform.bayern,available,46,1,8,,,
d68d9116-4b62-405c-bea3-bfaef2a6d25a,arctic.bayern,available,82,26,6,,,
2b772091-3ccc-43fd-9833-f057e25cc9d3,arcuate.bayern,available,50,2,7,,,
bcc32030-b432-4061-981e-cb5acf79e9ff,ardent.bayern,available,66,19,6,,,
fca0fbff-9977-4238-8a64-8829682a807a,arduous.bayern,available,60,3,7,,,
ae73c54b-9a3d-4854-9dfe-4b85373892c4,arenaceous.bayern,available,46,1,10,,,
1476b84c-70c3-4f1b-8161-00e8d4859ae0,areolar.bayern,available,50,1,7,,,
8e0f5b80-6de9-479f-9de4-c57a700704fc,areolate.bayern,available,46,1,8,,,
69520374-73f3-4b2b-8ef3-251143eae2b6,argent.bayern,available,46,15,6,,,
aee0305e-b146-471f-8b94-3458ca0660a9,argentic.bayern,available,46,3,8,,,
bebbd7b7-e5b5-465e-a192-cabac944d96e,argentine.bayern,available,74,2,9,,,
67218cf8-d617-4af8-9ebb-38b53bcc9467,argentous.bayern,available,46,1,9,,,
d2a4d909-461a-42a2-b92f-40ab6f1df1d1,argive.bayern,available,68,2,6,,,
31aec5e6-850b-49c4-8a15-ad5a1132a678,arguable.bayern,available,50,2,8,,,
76e99922-8df3-4fec-a024-37b3b9fc7ba8,arguseyed.bayern,available,46,1,10,,,
ae41ff5f-e65e-473b-bffa-519c1b0941c6,arid.bayern,available,50,7,4,,,
98e39b44-686e-4dbc-963f-0d428cce683a,ariled.bayern,available,50,1,6,,,
0edbb706-682c-402b-a55a-204ee0584cf5,arillate.bayern,available,46,1,8,,,
6eac90d3-bf81-4720-9a5e-c0af02f57cf4,ariose.bayern,available,51,3,6,,,
42d68b71-42aa-4ef0-804c-67e9f9fb9ae7,arithmetic.bayern,available,82,7,10,,,
cd2c30bf-14ee-49b8-9e65-f342032be04d,armed.bayern,available,70,10,5,,,
8404a027-a4f4-4cd6-96cc-3f3bce8954cc,armenian.bayern,available,82,11,8,,,
96f0a1cc-0672-4288-bad4-a24660b69b62,armillary.bayern,available,52,3,9,,,
31799888-5755-43b1-b770-59cd9b5f0f3d,arminian.bayern,available,64,1,8,,,
824eca73-70b4-4a3d-9a83-1dd191eb6227,armless.bayern,available,62,1,7,,,
f1c42df8-7b9d-4cf0-94ba-a60f88a51d6a,armlike.bayern,available,54,2,7,,,
20e6737e-3af6-467a-a10d-5dab8031352c,armorclad.bayern,available,52,2,10,,,
1b47757d-04a6-44f0-9e22-2a4877d38016,armored.bayern,available,66,8,7,,,
976d3135-8d7d-4f0b-aa1e-76a7528d7de7,armorial.bayern,available,68,2,8,,,
2a06d611-608f-4729-9649-18293e702441,armoured.bayern,available,58,3,8,,,
60936d02-0d50-41c2-aeab-133a78a91c5a,aroid.bayern,available,54,3,5,,,
b4da2723-5d52-4138-9db8-f61c513d9bf4,aromatic.bayern,available,92,6,8,,,
fb29cf03-30d6-41d7-a9e5-fff4d47a6dac,around.bayern,available,94,21,6,,,
fb8e24ef-8b87-42df-9831-d4111c389c22,arouse.bayern,available,74,5,6,,,
0bd86f06-c72c-4b29-b50e-67e98d06f094,aroused.bayern,available,68,3,7,,,
ac34e4ec-21a1-4296-a3b6-7680388d61df,arranged.bayern,available,70,5,8,,,
263b099b-6150-49da-95ca-2864dde55198,arrayed.bayern,available,58,3,7,,,
cac19c48-54b4-42f8-b7a8-7f5174ab6e96,arresting.bayern,available,66,1,9,,,
01fd8acf-6b56-4cb7-970a-69d23378d2b6,arrhythmic.bayern,available,50,1,10,,,
f1946fa5-3f53-412b-8641-472cef604346,arrogant.bayern,available,56,4,8,,,
7321706b-5485-409e-8358-29236c54470f,arse.bayern,available,44,7,4,,,
4b1c2fd4-fbe9-4472-aba7-5ca116e31994,arsenical.bayern,available,68,1,9,,,
d9127897-16a4-4d43-bb0f-68479eef2a4f,arsenious.bayern,available,50,1,9,,,
e59a9a4a-c5ca-4ea1-9b6d-72db10c6eb0e,arterial.bayern,available,74,6,8,,,
085dc9dd-9966-425e-ad8c-7862a34510fd,arteriolar.bayern,available,50,1,10,,,
4b655319-dcd7-45ef-b57d-40930762ed5c,artesian.bayern,available,50,6,8,,,
892c9cb5-e97e-4183-a51a-2fa55762ef39,artful.bayern,available,66,13,6,,,
db2882ca-95fb-402f-ad33-2fe815bdb185,arthralgic.bayern,available,50,1,10,,,
9f5a778f-419c-44ba-9b77-4556b39c7cd2,arthritic.bayern,available,74,2,9,,,
632a3916-40a4-4ca5-9c01-44e70533411c,arthurian.bayern,available,54,3,9,,,
bdd6bd87-e89a-4f3c-9e8f-9adaa7d167bf,articled.bayern,available,43,2,8,,,
80b28e50-ab52-42d3-8953-3dc230af9cfe,articular.bayern,available,50,4,9,,,
4dfdfdbb-5f0f-4573-80d4-347e190eb083,articulary.bayern,available,68,1,10,,,
07c0c3fc-29d9-4b93-95c7-d95b8a85c606,articulate.bayern,available,102,17,10,,,
a1c432f8-e4f7-44ca-8664-e13a873e917a,artificial.bayern,available,68,29,10,,,
15ddff4c-4cda-40a1-a8ed-ad8e8831365f,artistic.bayern,available,78,20,8,,,
73588df7-3686-448e-9b26-439c03b35cf4,artless.bayern,available,62,7,7,,,
20fd376c-a874-43b5-90b9-0867700c4c6c,arty.bayern,available,56,15,4,,,
5b5d46e3-0a1a-4972-a856-d25a07cd98ed,arum.bayern,available,53,6,4,,,